:020000040800F2
:100000006846002061020008DB270008DD240008A4
:10001000D9270008E50A00087B3B00080000000023
:10002000000000000000000000000000A101000826
:100030007D0D000800000000FD010008A937000840
:100040007B0200087B0200087B0200087B0200089C
:100050007B0200087B0200087B0200087B0200088C
:100060007B0200087B0200087B0200087B0200087C
:100070007B0200087B0200087B0200087B0200086C
:100080007B0200087B0200087B0200087B0200085C
:100090007B0200087B0200087B0200087B0200084C
:1000A0007B0200087B0200087B0200087B0200083C
:1000B000693800087B0200087B0200087B02000808
:1000C0007B0200087B0200087B0200087B0200081C
:1000D0007B0200087B0200087B0200087B0200080C
:1000E0007B0200087B0200087B0200087B020008FC
:1000F0007B0200087B0200087B0200087B020008EC
:100100007B0200087B0200087B0200087B020008DB
:100110007B0200087B0200087B0200087B020008CB
:100120007B0200087B0200087B0200087B020008BB
:100130007B0200087B0200087B0200087B020008AB
:100140007B0200087B0200087B0200087B0200089B
:100150007B0200087B0200087B0200087B0200088B
:100160007B0200087B0200087B0200087B0200087B
:100170007B0200087B0200087B02000800000000F0
:100180007B0200087B020008DFF810D000F05AFB69
:10019000004800471D770008AFF300806846002044
:1001A0002C4B19680868B0E8F04F80F30988BFF35A
:1001B0006F8F4FF0000080F311887047000000003F
:1001C00008480068006880F308884FF0000080F35A
:1001D000148862B661B6BFF34F8FBFF36F8F00DF35
:1001E00000BF00BF08ED00E0DFF80C00016841F43B
:1001F00070010160704700BF88ED00E0EFF30980F7
:10020000BFF36F8F134B1A681EF0100F08BF20ED5D
:10021000108A20E9F04F106009B44FF0500080F3CD
:100220001188BFF34F8FBFF36F8F08F081F84FF045
:10023000000080F3118809BC19680868B0E8F04F25
:100240001EF0100F08BFB0EC108A80F30988BFF3CE
:100250006F8F70474C000020EFF30580704700005F
:100260000648804706480047FEE7FEE7FEE7FEE750
:10027000FEE7FEE7FEE7FEE7FEE7FEE75938000887
:10028000890100082DE9F05F0546002092469B4653
:1002900088460646814640241BE02846414647469C
:1002A000224600F01BF953465A46C01A914110D31A
:1002B00011461846224600F002F92D1A67EB010894
:1002C0004F4622460120002100F0F9F817EB000903
:1002D0004E41201EA4F10104DFDC484631462A4687
:1002E0004346BDE8F09F40EA01039B0703D009E0C5
:1002F00008C9121F08C0042AFAD203E011F8013B12
:1003000000F8013B521EF9D27047D2B201E000F86A
:10031000012B491EFBD270470022F6E710B51346A9
:100320000A4604461946FFF7F0FF204610BD421C5E
:1003300010F8011B0029FBD1801A70472DE9FE4FF0
:1003400081EA030404F0004421F0004100944FF0DE
:10035000000B23F0004350EA01045ED052EA03048C
:100360005BD0C3F30A54C1F30A552C44A4F2F3340E
:100370000194A0FB0254C1F3130141F48011C3F3B3
:10038000130343F4801301FB024400FB034E840A71
:10039000970A44EA815447EA8357A4FB0768029509
:1003A0008D0A05FB07854FEA932C04FB0C542705A7
:1003B000029D4FEA065847EA1637B5EB08056EEB83
:1003C000070C870E920E47EA811742EA8312A7FBB9
:1003D0000201B6EB0B0164EB00042B0D43EA0C3376
:1003E0005E1844EB1C50DA465146E7FB0201C5F3A8
:1003F00013044FEA0B3343EA14534FEA0432019CCF
:1004000043EA0603A4F10C040294009CCDE900B475
:1004100000F083F803B0BDE8F08F00200146F9E753
:100420000EB540F2334102910021CDE900110A4698
:100430000B4600F072F803B000BDC1F30A5210B5CC
:10044000C1F3130140F2FF3341F480119A4201DA03
:10045000002010BD40F233439A42A2F2334203DC43
:10046000524200F03BF810BD904010BD00F0004239
:1004700030F000400AD0C10D01F56071C0F31600E4
:1004800042EA0151C208400711437047002001466B
:10049000704730B50B46014600202022012409E0B8
:1004A00021FA02F59D4205D303FA02F5491B04FA2D
:1004B00002F52844151EA2F10102F1DC30BD202A0C
:1004C00004DB203A00FA02F1002070479140C2F1AB
:1004D000200320FA03F3194390407047202A04DBDD
:1004E000203A21FA02F00021704721FA02F3D040AD
:1004F000C2F12002914008431946704710B5141EFE
:1005000073F1000408DA401C41F1000192185B41CC
:100510001A4301D120F0010010BD2DE9F04D9246A3
:100520009B4611B1B1FA81F202E0B0FA80F22032BA
:100530009046FFF7C4FF04460F4640EA0A0041EA2E
:100540000B0153465A46084313D0114653EA0100A3
:1005500019D0C8F140025046FFF7C0FF05460E46CD
:10056000504659464246FFF7AAFF084305D00120EE
:1005700004E020463946BDE8F08D0020054346EAF8
:10058000E0762C4337430A986305E40AA0EB0800A1
:100590000022FD0A44EA47540A3002D500200146F1
:1005A000E9E7010510196941DDE9084500196941CC
:1005B000BDE8F04DA2E72DE9FE4F804681EA030039
:1005C000C00F0C46009021F0004123F00045B8EB2D
:1005D0000200A94105D24046214690461C460B46E2
:1005E000024623F00040104347D0270DC7F30A000E
:1005F000C3F30A510290401A019040286BDAC3F30A
:10060000130040F4801B0098924620B10023D2EBE7
:10061000030A63EB0B0B01985946C0F140025046A8
:10062000FFF74DFF06460D4650465946019A00F029
:100630001BF910EB08006141002487EA115284EA9B
:10064000E7731A4340D0009A62B3019A012A4FEA35
:10065000075215DC001B61EB02014FF0004202EA79
:100660000752CDE90042001C41F5801132462B466D
:10067000FFF753FF03B0BDE8F08F40462146F9E78E
:10068000001B61EB0201001C41F5801300185B4167
:100690002018A2F5001747EB030140EAD570B61900
:1006A0006D4111E06D084FEA360645EAC0754FEA24
:1006B0000752001B61EB0201001C41F58011490843
:1006C0004FEA30000019514132462B4603B0BDE8D5
:1006D000F04FFFF713BF0098012240000023D0EB3A
:1006E000020263EBE073009821464FEAE074B8EB36
:1006F000000061EB0401E9E783F000435BE781F070
:10070000004158E72DE9F04D81EA030404F0004B65
:1007100021F0004514464FF0000A23F0004150EA52
:10072000050220D054EA01021DD0C5F30A57024643
:10073000C5F31303C1F31300C1F30A5640F4801547
:1007400043F48013A7EB0608101BD64608F2FD38C9
:1007500073EB050002D308F1010801E092185B4138
:10076000B8F1000F03DA00200146BDE8F08D00204B
:100770004FF48011064684460EE0171B73EB050705
:1007800005D3121B63EB050306434CEA010C490831
:100790004FEA300092185B4150EA0107EDD152EA6E
:1007A000030012D082EA040083EA0501084305D061
:1007B000101BAB4106D20122002306E000224FF0BD
:1007C000004302E06FF0010253101AEB06004CEBFD
:1007D000085110EB0A0041EB0B01BDE8F04DFFF7AB
:1007E0008DBEC1F30A52C1F3130140F2FF3341F44D
:1007F00080119A4202DA00200146704740F23343EA
:100800009A42A2F2334202DC5242FFF767BEFFF780
:1008100056BE000030B5041E71F1000404DB4FF039
:100820000044404264EB0101141E73F1000405DB37
:100830001C464FF00043524263EB0403994208BF49
:10084000904230BD064C074D06E0E06840F00103E1
:1008500094E8070098471034AC42F6D3FFF798FCB1
:1008600038C1000858C10008202A06DBCB17203AFF
:1008700041FA02F043EAE07306E041FA02F3D040A5
:10088000C2F12002914008431946704710B5104943
:10089000002090B0C87088700E4C02464FF48071F2
:1008A000204600F04EFC00226115204600F049FC75
:1008B000032209A1684603F071F96846FFF737FD86
:1008C00082B264236946104801F0B8FD10B010BD33
:1008D000580500200014024021212120414C4152A2
:1008E0004D20434C454152454420212121284E6F43
:1008F000726D616C20666F722025642074696D656D
:1009000073290D0A00000000C80400200148407847
:1009100070470000580500200148807870470000AB
:100920005805002001480078704700005805002055
:100930000148C078704700005805002070B50120BC
:10094000164CA4B0164DE07002460102284600F095
:10095000F8FB01225102284600F0F3FBA068FFF7E4
:1009600085FD05460E466068FFF780FD41EC100BE3
:1009700005200095CDE9016053EC102B094903A82F
:1009800003F00CF903A8FFF7D2FC82B2642303A999
:10099000054801F053FD24B070BD0000580500204B
:1009A00000140240E4C00008C804002070B5214CC7
:1009B000B4EEC10AF1EE10FA84ED010AC4ED020AA8
:1009C00001DB012000E00020F4EEE10A2073F1EEEB
:1009D00010FA01DB012000E0002060731548B4EE3E
:1009E000C10A0025F1EE10FAC07804DAF4EEE10A4B
:1009F000F1EE10FA08DB6178491CC9B26170A5708C
:100A0000052912D360B10DE0A178491CC9B2A170CB
:100A1000657018B103290AD3FFF738FF257070BD40
:100A2000FFF78CFF0220207070BD0120FBE7032040
:100A3000F9E70000580500200146014801F024B8FC
:100A4000FC03002010B5044801F030F8042801D060
:100A5000012010BD002010BDFC03002010B500F0E7
:100A600015F8012801D0012010BD074801F034F825
:100A7000040006D14FF40061034800F0ABFE00B162
:100A80000124204610BD0000FC03002008B5012011
:100A90008DF800009DF8000008BD0000134610B559
:100AA0000A4601460024034801F0B8F800B10124C9
:100AB000204610BDFC0300200248002201214068AE
:100AC00006F0D6BE2C000020134610B50A4601469B
:100AD0000024034801F038F900B10124204610BD7C
:100AE000FC030020FEE7000030B587B01421684603
:100AF000FFF712FC0E48016841F0400101600068F8
:100B00004FF4007400F0400005901120CDE9004042
:100B1000012002900220074D03906946284600F00C
:100B200013FA01222146284600F00BFB07B030BD26
:100B3000303802400018024070B50D4606460024C9
:100B40002946304600F04CF8002807D0642003F016
:100B5000AFFC641CE4B20A2CF2D3012070BD00008B
:100B60002DE9F84F83460020DFF870A08DF80000D3
:100B7000054680464FF496764FF4007900246F4680
:100B80003146204600F0C8F830BB3146012000F065
:100B9000C3F808BB05E00120641C03F089FCB442E3
:100BA0001AD84946504600F0C7FA0128F3D01E2C47
:100BB00001D9012000E0002038709DF8000008F104
:100BC000010840EA4500C5B2B8F1080FD6DB8BF842
:100BD00000500020BDE8F88F0120FBE7001802401C
:100BE0002DE9FC4781460020464D88460090064688
:100BF00002464FF4007401902146284600F0A1FA05
:100C000044F6206003F054FC01222146284600F0FF
:100C100098FA1E2003F04CFC4FF4967705E0012073
:100C2000761C03F045FCBE4263D82146284600F0FE
:100C300083FA0128F3D0002605E00120761C03F09A
:100C400037FCBE4255D82146284600F075FA0028E8
:100C5000F3D0002605E00120761C03F029FCBE42FB
:100C600047D82146284600F067FA0128F3D000242F
:100C70006D462819FFF774FFD8BB641C052CF8DB00
:100C80009DF800309DF801209DF802109DF80300AA
:100C90009C180D182C449DF80450AC4229D100EE4C
:100CA000103A9FED191A01EE900AF8EE400A00EE94
:100CB000102AF8EE611AB8EE400A40EE010A00EE82
:100CC000101AB8EE400AF5EEC00A01EE810AF1EE04
:100CD00010FA0ED310EE900A0C49884209DC10EE8F
:100CE000100A0B49884204D810EE100A09498842BC
:100CF00002DD0120BDE8FC87C8ED000A89ED000A8D
:100D00000020F7E700180240CDCCCC3D0000C842DF
:100D10000000A0C10000A0422DE9F0410E460546AA
:100D200000244FF40077DFF8288008E0012003F06A
:100D3000BFFB641CB44202D30120BDE8F0813946F8
:100D4000404600F0F9F9A842F0D10020F5E7000094
:100D50000018024030B50468256825F48025256018
:100D6000046863608368402B036803D0996000685F
:100D7000C26030BD9A600068C16030BD704772B615
:100D8000FEE70022AFF3008030B50E4B0546012090
:100D90005C7A002C14D1587A1C54587A03EB8000EA
:100DA00045605D7A03F108002A54587A421C5A7251
:100DB000303008703A2048702F208870CC700020A6
:100DC00030BD00006805002030B5B3F5804F05D078
:100DD0006FF0704140F82210002030BD8C690B6824
:100DE0008D6823434C688989240144EA0524234300
:100DF00043EA014150F82230014C23401943E9E70E
:100E00000000F0CF10B50A6850F8223023F001033B
:100E100040F822308C68082C23D000234A682243F3
:100E2000CC681C430B6922431A434B690E4C1A438E
:100E3000CB691A430B6A1A434B6A1A438B6A1A43EB
:100E4000CB6A1A430B6B1A438B691343CA6B09684D
:100E50001A4350F82130A343134340F821300020B7
:100E600010BD4023DAE700007FFF0F0030B5D1E965
:100E7000003443EA04138C688D89240244EA054453
:100E800023430C8A074D00EB820005EB04542343F7
:100E90000C7D6D0105EB0464896923430B434360BA
:100EA000002030BD0000F0FF074890ED000AB5EECD
:100EB000C00AF1EE10FA04D310EE100A034988427A
:100EC00001DDB3EE0C0A704700000E08000070420E
:100ED000406D70472DE9F0410446866D90F834006E
:100EE000002501280DD0012084F8340094F83570D5
:100EF0000020012F07D084F8340002252846BDE8E1
:100F0000F0810220FBE7022784F8357060652046F7
:100F1000FFF720FF94F85C103F208840B060206805
:100F2000016841F016010160206C20B12068016861
:100F300041F0080101602068016841F00101016091
:100F4000DCE780B203F0AEBA2DE9F84FDFF8BCA1C0
:100F50000022012503264FF00F090AF1040BAAF124
:100F6000040E00BF0B6805FA02F42340A34270D1BF
:100F70000F7907F00307012F01D0022F16D18768E0
:100F80004FEA420806FA08FC27EA0C07D1F80CC021
:100F90000CFA08FC4CEA070CC0F808C04768A743E5
:100FA0000C79C4F3001494403C4344600C79E4434E
:100FB000A4070AD0C4684FEA420C06FA0CF7BC43F7
:100FC0008F6807FA0CF72743C7600C7904F0030415
:100FD000022C12D1D40800EB840CDCF82040570717
:100FE000FF0E09FA07F824EA0804D1F8108008FA7D
:100FF00007F848EA0408CCF8208004684FEA420C5D
:1010000006FA0CF7BC430F7907F0030707FA0CF751
:10101000274307604C6814F4403F70D03C4C27686D
:1010200047F480472760246822F0030704F48044D3
:101030000094384C07EB040CDCF8084897074FEA9B
:10104000177809FA08F7BC43334FB84202D100279A
:1010500024E054E0314FB84201D101271EE0304F67
:10106000B84201D1022719E02E4FB84201D103271F
:1010700014E02D4FB84201D104270FE02B4FB842A6
:1010800001D105270AE02A4FB84201D1062705E021
:10109000284FB84201D1072700E0082707FA08F7D0
:1010A0002743CCF80878DAF800405746D1F804C056
:1010B0009C435FEACC2C00D51C433C60DBF800402D
:1010C0005F46D1F804C09C435FEA8C2C00D51C43DA
:1010D0003C60DEF800407746D1F804C09C435FEAEC
:1010E0008C3C00D51C433C60084F083F3C68D1F85D
:1010F00004C09C435FEACC3C00D51C433C60521CBE
:10110000102AFFF42FAFBDE8F88F0000083C014023
:101110004438024000300140000002400004024018
:1011200000080240000C024000100240001402407F
:1011300000180240001C02400069084000D0012055
:1011400070470AB1816170470904FBE70148806874
:10115000704700003C00002002488168027811447A
:10116000816070473C0000200B4810B5016841F4D5
:1011700000710160016841F480610160016841F41F
:1011800080710160032000F073F80F2000F006F872
:1011900000F024F8002010BD003C024070B50D4D59
:1011A00004464FF47A712878B1FBF0F00A490968D7
:1011B000B1FBF0F000F0C0FE48B9102C07D20022BD
:1011C0002146501E00F034F800206C6070BD0120F4
:1011D00070BD00003C000020480000200C4882B098
:1011E000016841F480410160006800F48040009093
:1011F0000748001F016841F080510160006800222B
:1012000000F0805000900F21901E02B000F010B846
:1012100044380240002809DB00F01F020121914000
:101220004009800000F1E020C0F800117047000084
:10123000F0B40E4B1B680C46C3F30223C3F1070541
:10124000042D00D90425191D072901D2002300E02F
:10125000DB1E012606FA05F1491E214099409E40F9
:10126000761E16403143F0BC02F0ACBC0CED00E041
:10127000064900F0070208684FF6FF03184040EAED
:101280000220034A10430860704700000CED00E0A4
:101290000000FA052DE9F0470E46050065D0DFF89D
:1012A0001481D8F80000F7B200F00700B04207D26E
:1012B00088F80070D8F8000000F00700B04254D160
:1012C00028683D4C810712D5400703D5206840F4BB
:1012D000E05020602878000703D5206840F4604083
:1012E00020602068A96820F0F0000843206028787A
:1012F000C0072DD0304968680839012812D002286B
:1013000013D0032811D00968890700292DDA216834
:1013100021F0030101432160FFF718FF814641F2EC
:10132000883A0EE009688903EFE709688901ECE76C
:10133000FFF70CFFA0EB0901514502D90320BDE8DE
:10134000F0872068696800F00C00B0EB810FEFD1E6
:10135000D8F80010404601F00701B14207D90770E4
:10136000006800F00700B04201D00120E7E72878CC
:10137000400705D52068E96820F4E0500843206064
:101380002878000706D52068296920F4604040EAE3
:10139000C100206000F038F82168084AC1F3031149
:1013A000515CC8400649086006480068FFF7F6FE31
:1013B0000020C4E7003C024008380240A0C00008FA
:1013C00048000020400000200448054900680968E2
:1013D000044AC1F38221515CC84070474800002094
:1013E00008380240B0C00008044805490068096890
:1013F000044AC1F34231515CC840704748000020A4
:1014000008380240B0C00008154810B5006810F058
:101410000C02144813D04110042A0FD0082A0ED110
:101420000F4C241F2268236802F03F025B0207D59D
:101430002068C0F38810A0FB010106E0084610BD3B
:101440002168C1F38811A1FB00010023FEF71AFFF8
:101450002168C1F30141491C4900B0FBF1F010BD06
:10146000083802400024F4002DE9F84F04006ED043
:101470002078DFF84C93C007A9F104054AD009F1A0
:1014800004000168C1F38101012908D00068C0F39C
:10149000810002280AD1D9F80000400206D5286848
:1014A000800337D560680028E1D033E06068B0F58C
:1014B000803F10D0B0F5A02F286810D020F48030E5
:1014C0002860286820F4802028606068A8B1FFF7B1
:1014D0003DFE06460DE0286840F48030F4E740F415
:1014E00080202860F7E700BFFFF730FE801B6428EC
:1014F00073D828688003F7D50CE0FFF727FE06466F
:1015000005E000BFFFF722FE801B6428F0D82868A2
:101510008003F7D42078DFF8AC8280074FF0000A10
:101520003ED5A748001D016811F00C0F08D00068D7
:10153000C0F3810002280BD1D9F80000400207D483
:101540002868800716D5E068012800D112E033E151
:10155000E068B8B10120C8F80000FFF7F7FD0646C3
:1015600005E000BFFFF7F2FD801B0228C0D8286805
:101570008007F7D52868216920F0F80040EAC1000B
:1015800028600DE0C8F800A0FFF7E0FD064604E083
:10159000FFF7DCFD801B02281FD828688007F7D4DE
:1015A0002078000722D5864F87486169703771B16E
:1015B00001210160FFF7CAFD064604E0FFF7C6FD02
:1015C000801B022809D838688007F7D50EE0C0F8DC
:1015D00000A0FFF7BBFD064605E082E0FFF7B6FD81
:1015E000801B02287DD838688007F7D42078400710
:1015F00068D5DFF8CCB100270BF13C0BDBF800001D
:10160000C0000BD4DBF8001041F08051CBF8001083
:10161000DBF80000012700F0805000906B4E30682E
:10162000C00510D4306840F480703060FFF78EFD44
:10163000009005E0FFF78AFD0099401A022850D873
:101640003068C005F6D55E4EA0686C3601280FD014
:101650000528306810D020F001003060306820F09C
:1016600004003060A068B8B1FFF770FD00900FE093
:10167000306840F00100F4E740F004003060F7E724
:10168000FFF764FD0099411A41F28830814266D823
:1016900030688007F4D50EE0FFF758FD009007E0B2
:1016A000FFF754FD0099411A41F28830814256D823
:1016B00030688007F4D42FB1DBF8001021F080519E
:1016C000CBF80010A069C8B33D49091D0968C1F3F2
:1016D000810102294AD00228504607D0C8F860008C
:1016E00000E03CE0FFF732FD04463BE04746C8F827
:1016F0006000FFF72BFD064605E000BFFFF726FD63
:10170000801B02282BD828688001F7D4D4E9070170
:101710000843A16A2E4A490802EB0141626A41EA84
:101720008211084394F82C1040EA0161C9F80010B6
:1017300001203866FFF70AFD044606E03EE000BFE0
:10174000FFF704FD001B022809D828688001F7D59F
:1017500034E000BFFFF7FAFC001B022802D9032087
:10176000BDE8F88F28688001F4D427E00128F7D07D
:10177000D9F80000E26900F4800191421CD1226A8C
:1017800000F03F01914217D147F6C071626A0140F3
:10179000B1EB821F10D1A26A4FF0FF3300F4403149
:1017A00003EB5202B1EB024F06D194F82C1000F07B
:1017B0007060B0EB016F01D00120D1E70020CFE7CE
:1017C0000438024000004742800E4742007000404B
:1017D0000000FFFF2DE9FE430446002603200D46CE
:1017E00084F83400606C03285ED0B5F5805F5BD070
:1017F0004FF4006700204FF08068BD421FD1814642
:10180000009001900021206800F0FEFF800113D4B9
:101810006946204601F09CFB07000DD1019840036A
:1018200034D5B4F850000104206801F019F807001D
:1018300002D10221206823E0A06B384328E01DB1CB
:10184000A06B40F0006023E08146009001900021F1
:10185000206800F0D9FF8001EED46946204601F0EF
:1018600077FB0700E8D10198C0030FD5B4F850000A
:101870000104206800F0F4FF0700DDD1002120689A
:1018800001F03BF80700D7D14F46D5E74746D3E7ED
:10189000A063A06B144F4FF0010848B12068876324
:1018A00084F8348001260EE0A06B40F08050EFE712
:1018B000211DD4E9050C0EC9CDE90050CDF808C0B2
:1018C000206800F0A4FF4FF40071206800F0FCFFD6
:1018D00028B121688F63A16B0143A163012684F8BD
:1018E00034803046BDE8FE83FF05400070470000AD
:1018F000F0B5426E920F0A70426EC2F383624A7074
:10190000426EC2F301628A70426E120CCA70B0F865
:101910006420120A0A7190F864204A71826E120DD6
:10192000CA80826EC2F303420A72B0F86820C2F322
:10193000C0324A72B0F86820C2F380328A72B0F8BE
:101940006820C2F34032CA72B0F86820C2F3003295
:101950000A7300264E73426C4FF40075012462B185
:10196000012A3AD0026847499163816B41F0805166
:10197000816380F834400120F0BDB0F86820C36E68
:101980009205120D42EA93720A61C26EC2F3C262FC
:101990000A75C26EC2F302624A75C26EC2F3425247
:1019A0008A75C26EC2F38242CA75C26EC2F3C23277
:1019B0000A760A69521C42650B7E03F007039B1CE2
:1019C0009A4042650B7A03F00F0704FA07F3836528
:1019D0005B0A5A43C0E917250EE090F86820C36EF1
:1019E0009206920A42EA13420A610A69521C920262
:1019F0004265C0E91652056630F86C2FC2F380329A
:101A000001F8192F0288C2F3C6124A70027802F058
:101A10007F028A704268D20FCA704268C2F3417274
:101A20000A714268C2F382624A714268C2F3835209
:101A30008A714268C2F34052CA710E724268C2F3A0
:101A400000424A728288C2F3C0328A728288C2F32C
:101A50008032CA728288C2F340320A738288C2F32B
:101A600000324A738288C2F381228A738288C2F369
:101A70000122CA730079C0F3460008744C74002038
:101A8000F0BD0000FF054000426C0A60826C4A60B5
:101A9000C26C8A60026DCA60426D0A61826D4A61E1
:101AA000C26D8A61006EC8610020704770B504463F
:101AB000B0F8500000250104206801F006F818B1C4
:101AC000A16B0143A16304E00021206800F09CFEAB
:101AD0000546C5F3432070BD70B504000ED094F8E0
:101AE0003400002518B92577204600F04DF8032072
:101AF00084F83400204600F00BF808B1012070BDD6
:101B0000A5632563012084F83400002070BD000027
:101B1000FEB50025044676200095CDE901502B4600
:101B20002A462946206800F072FE154E46F8A05F4E
:101B3000206800F07EFE012535600220FFF701FAE3
:101B4000204601F0EDFA28B184F83450A16B01432E
:101B5000A16313E0204601F06BFA0028F4D14FF4A2
:101B60000071206800F0B0FE002808D02268054906
:101B70009163A16B0143A16384F834500120FEBD41
:101B800000802542FF054000F0B587B004461421CF
:101B90006846FEF7C1FB1D492068884233D11C48C6
:101BA0000024016841F400610160006800F40060F5
:101BB000059017481438016841F00401016001687C
:101BC00001F004010591016841F00801016000681D
:101BD000022500F0080005904FF4F850CDE900050B
:101BE00002AA03260C2782E8D00069460948FFF7BD
:101BF000ABF90420CDE9000502AA694682E8D000CD
:101C00000548FFF7A1F907B0F0BD0000002C014026
:101C10004438024000080240000C02402DE9F04721
:101C200086B01F460446154639B194F834000128A1
:101C300007D0022006B0BDE8F087A06B40F000603E
:101C400008E00020A063E36DEA199A4204D9A06B72
:101C500040F00070A06369E0032284F83420226819
:101C60008146D0622268D36B40F22A363343D36375
:101C7000236C2F4ADA63236C2E4ADA64226C1065D7
:101C8000226C9060206C0068026822F0C002026042
:101C900020680A46266C4FEA472800F180014FEA87
:101CA00098033046FFF716F9DFF88CA0012670B1D3
:101CB0002068C16B21F49571C1632168C1F838A017
:101CC000A06B40F08040A06384F834602EE01B4895
:101CD0000660606C012800D06D024FF0FF30CDE946
:101CE00000089020029002200596CDE9030969467C
:101CF000206800F073FD012F06D982202063294659
:101D0000206800F053FE05E081202063294620680A
:101D100000F065FE00288DD02268C2F838A0A16BC3
:101D20000143A16384F83460C4F83090012081E756
:101D3000012F00089D2E0008FF0540008C852542DC
:101D400010B5FEF7B9FE10BD2DE9F04F5FEA010BAB
:101D500087B01E460446114607D094F83400012887
:101D600007D0022007B0BDE8F08FA06B40F0006004
:101D700008E00025A563E26D8819904204D9A06BA4
:101D800040F00070A06356E0032084F8340020681F
:101D9000C5622068C26B40F21A2942EA0902C26396
:101DA000E26B2D48D063E26B2C48D064E06B056594
:101DB000606C012800D049024FF09008012E05D92F
:101DC000A0202063206800F0CBFE04E0C4F830803F
:101DD000206800F0DEFEDFF888A0012730B122681D
:101DE000C2F838A0A16B0143A16321E01D48076040
:101DF000E16B40208860E06B0068016821F0C00161
:101E000041F04001016022687602B30859468032F1
:101E1000E06BFFF75FF880B12068C16B21EA090130
:101E2000C1632168C1F838A0A06B40F08040A06376
:101E300084F834702563012094E74FF0FF30CDE93A
:101E40000006CDE90285CDE904576946206800F017
:101E5000C5FC002086E70000432F00089D2E0008E7
:101E6000FF0540008C85254270B515460E460400DE
:101E700003D094F8490010B107E0012070BD0020A4
:101E800084F84800204600F01DF804F1080120689D
:101E9000FEF7B8FF3146A2682068FEF7E7FFD4E9F5
:101EA00001022946236BFEF78FFF2168A06851F8D5
:101EB000202042F0010241F82020012084F849004E
:101EC000002070BD194800B5016887B041F00101DC
:101ED0000160006800F001000590144808380168AE
:101EE00041F008010160016801F0080105910168F5
:101EF00041F0100101600068012100F01000059020
:101F00004CF2037000900220CDE9010103900C20F7
:101F1000049069460648FFF717F84FF68070009066
:101F200069460448FFF710F807B000BD3838024092
:101F3000000C02400010024010B5401EB0F1807F3E
:101F400001D3012010BD4FF0E02460610F21601724
:101F500001F038FE0020A06107202061002010BDA4
:101F60007047704770B590F83C20012A32D00124A8
:101F700080F83C40022280F83D2003685A689D6842
:101F800022F070060A6832435A60134B02689A4284
:101F900014D0B2F1804F11D0104B9A420ED0104B9A
:101FA0009A420BD00F4B9A4208D00F4B9A4205D061
:101FB0000E4B9A4202D00E4B9A4204D1496825F04A
:101FC00080031943916080F83D40002180F83C1067
:101FD000084670BD022070BD0000014000040040B2
:101FE00000080040000C0040000401400040014097
:101FF0000018004010B5040003D094F83D0010B163
:1020000007E0012010BD002084F83C00204600F0CD
:102010001FF8022084F83D00211D206801F02AFCF1
:10202000012084F8460084F83E0084F83F0084F8DC
:10203000400084F8410084F8420084F8430084F8AA
:10204000440084F8450084F83D00002010BD0000E5
:1020500008B50068B0F1804F12D10A48016841F01C
:10206000010101600068002200F0010000900521DC
:102070001C20FFF7DDF8BDE808401C20FFF7CAB8B8
:1020800008BD00004038024090F83D10012901D001
:1020900001207047022180F83D10006811498842F4
:1020A00014D0B0F1804F11D00F4988420ED00F49A3
:1020B00088420BD00E49884208D00E49884205D08C
:1020C0000D49884202D00D49884204D1816801F04F
:1020D0000701062903D0016841F0010101600020D9
:1020E000704700000000014000040040000800406C
:1020F000000C004000040140004001400018004076
:1021000001680A6A41F211131A4207D10A6A9B1048
:102110001A4203D10A6822F001020A60012180F804
:102120003D100020704770B5044690F83C00002533
:10213000012817D0012684F83C60022084F83D0075
:102140002068826822F0770222F47F428260086869
:10215000502838D00DDC20284FD005DC90B3102853
:1021600011D14AE0022070BD302846D040280AD163
:102170003BE060282FD070280DD0B0F5805F03D0F1
:10218000B0F5005F12D0012584F83D60002084F88E
:102190003C00284670BDCB68D1E90121206801F0E0
:1021A000D1FB2068816841F0770109E0CB68D1E973
:1021B0000121206801F0C6FB2068816841F480415C
:1021C0008160E1E719E0CA684968206801F0CCFB4A
:1021D0005021206806E0CA684968206801F0D5FBF4
:1021E0006021206801F0B8FBCEE7CA684968206822
:1021F00001F0BAFB40212068F4E72268014610464E
:10220000F0E770472DE9F04104460068C6680569AB
:102210004FF00007A90713D5B10711D5F91E0161C9
:1022200001202077206880698007204602D0FFF7D0
:10223000E8FF04E000F07EF8204600F07CF8277705
:10224000680716D5700714D521686FF0040008617F
:10225000022020772068806910F4407F204602D059
:10226000FFF7CFFF04E000F065F8204600F063F8C8
:102270002777280715D5300713D521686FF0080098
:102280000861042020772068C0698007204602D0BA
:10229000FFF7B7FF04E000F04DF8204600F04BF8E0
:1022A0002777E80616D5F00614D521686FF01000E0
:1022B0000861082020772068C06910F4407F20461C
:1022C00002D0FFF79EFF04E000F034F8204600F053
:1022D00032F82777E80708D0F00706D021686FF0BA
:1022E00001000861204600F027F8280608D53006CE
:1022F00006D521686FF0800008612046FFF730FEA8
:10230000680608D5700606D521686FF040000861A0
:10231000204600F012F8A8060AD5B00608D52168B4
:102320006FF0200008612046BDE8F041FFF719BEBC
:10233000BDE8F081704770477047704770B5040082
:1023400004D094F84100002510B106E0012070BDD2
:1023500084F84050204600F023F8242084F84100FF
:102360002068C16821F40051C160204601F046FB9D
:102370002068016921F4904101612068416921F0E0
:102380002A0141612068C16841F40051C16065645F
:10239000202084F8410084F842006563002070BD6D
:1023A000F0B587B0044614216846FDF7B5FF1F4F0E
:1023B000236800221E490224032507261D48BB422C
:1023C00013D11B4B14331F6847F010071F601B68A5
:1023D00003F0100305930B6843F001030B600968D9
:1023E00001F001010591690215E0134FBB421AD1BA
:1023F0000F4B10331F6847F400371F601B6803F44E
:10240000003305930B6843F001030B60096801F08A
:10241000010105910C21CDE9001402AB694683E866
:102420006400FEF791FD07B0F0BD00000010014010
:102430003038024000000240004400402DE9F843DB
:10244000044690F84100984616460D46202802D0D2
:102450000220BDE8F88385B17EB1002060642120B0
:1024600084F84100FEF772FEA6848146E684A068E7
:102470002027B0F5805F02D003E00120E9E7206962
:1024800010B12E4600250EE000260CE080212046EB
:1024900001F03AFBA8B9C6B116F8010B21684860F3
:1024A000E08C401EE084E08C4B464FF00002CDF8FB
:1024B00000800028EAD14FF04001204601F024FBC3
:1024C00040B184F841700320C3E735F8020BC0F334
:1024D0000800E3E784F841700020BAE7FEE7000057
:1024E00010B504490448FEF74CFC0249491E087027
:1024F00010BD0000350000207CC0000810B59CB065
:10250000002019901A9019A805F0E0F9174C184B03
:102510000DF1540CE0610FCB8CE80F00002115A8E1
:1025200005F049F91249A0611C2210316846FDF7F7
:10253000DAFE0021684605F02BFA0D49E0601C2206
:102540002C3107A8FDF7CFFE002107A805F020FADF
:10255000074920611C2248310EA8FDF7C4FE002166
:102560000EA805F015FA60611CB010BD080000202F
:1025700018C0000800B587B01C216846FDF7CCFEE6
:1025800016484FF020411022016015494160062194
:1025900081600021C160C0E904128161C161130240
:1025A0000162C0E90913C16201634163816341644F
:1025B0000F20FF230090CDE90103CDE90302112094
:1025C000CDE90501002269460448FFF74DFC0028CB
:1025D00001D0FEF7D4FB07B000BD0000AC03002023
:1025E000040100A0F0B587B014216846FDF794FE01
:1025F00038480025016841F010010160016801F0D0
:1026000010010591016841F020010160016801F0AD
:1026100020010591016841F080010160016801F02D
:1026200080010591016841F001010160016801F03C
:1026300001010591016841F008010160016801F0A4
:1026400008010591016841F004010160016801F091
:1026500004010591016841F04001016000681E4FCE
:1026600000F04000059000224FF4E0613846FEF78C
:1026700068FD042000904FF404100124CDE901040A
:1026800069461648FEF760FC200202268DE87100BC
:1026900069463846FEF758FC4FF4C060CDE90004A7
:1026A00069463846CDE90245FEF74EFC4FF48810E6
:1026B0000094CDE901060A4E69463046FEF744FC17
:1026C0002020CDE90005694602943046FEF73CFC27
:1026D00007B0F0BD30380240001402400010024044
:1026E0000000024006480549016000214160816008
:1026F000C16001614161816170470000002C0140AF
:10270000FC03002010B586B0002416480094019404
:102710000294039404944FF0804105940160532186
:10272000C0E90114611EC0E9031480218161FFF733
:1027300061FC08B1FEF723FB4FF48050009069461E
:102740000848FFF7F0FC08B1FEF719FB049404A950
:1027500004480594FFF706FC002801D0FEF70FFBA4
:1027600006B010BD800400200C4810B50A49016075
:102770004FF4E1314160002181600C22C160C0E969
:1027800004128161C161FFF7D9FD002803D0BDE8C3
:102790001040FEF7F4BA10BD00100140C80400203C
:1027A0000C4810B50A4901604FF4E1314160002145
:1027B00081600C22C160C0E904128161C161FFF730
:1027C000BDFD002803D0BDE81040FEF7D8BA10BD0B
:1027D0000044004010050020FEE7FEE70A68426260
:1027E0004A688262D1E902231A43D1E904310B43DA
:1027F000C16A1A4321F0F7011143C16200207047FA
:10280000006800F00300704708444069704770B5E5
:102810000DF1100C11439CE8700023431943294328
:102820004268314347F6FF639A430A4342600020FF
:1028300070BD0321016000207047D0F88000704710
:102840000A688260D1E901231A43D1E903310B43BD
:10285000C1681A436FF30B011143C1600020704738
:1028600010B585B004463720CDE900104020029015
:10287000002003904FF48060049069462046FFF7E3
:10288000DFFF41F288323721204600F09BF905B086
:1028900010BD000010B504460A4885B00143292048
:1028A000CDE9001040200290002003904FF480609A
:1028B000049069462046FFF7C3FF204600F03AFA2D
:1028C00005B010BD0000108010B585B00446102082
:1028D000CDE9001040200290002003904FF480606A
:1028E000049069462046FFF7ABFF41F28832102181
:1028F000204600F067F905B010BD10B585B004465C
:102900000620CDE9001040200290002003904FF4F3
:102910008060049069462046FFF792FF41F28832BA
:102920000621204600F04EF905B010BD30B585B047
:1029300000240546009401944FF480600294CDE990
:10294000034069462846FFF77BFF0B484FF4FA51D6
:102950000068B0FBF1F041F288314843401E03D2D9
:102960004FF0004005B030BD696B0906F6D5C520B3
:10297000A8632046F6E700004800002010B585B0A7
:1029800004464FF4D570009008200190402002903A
:10299000002003904FF48060049069462046FFF7C2
:1029A0004FFF204600F02CFA05B010BD10B585B0E1
:1029B00004461220CDE90010402002900020039030
:1029C0004FF48060049069462046FFF739FF41F2DA
:1029D00088321221204600F0F5F805B010BD10B580
:1029E00085B004461120CDE900104020029000205F
:1029F00003904FF48060049069462046FFF720FF63
:102A000041F288321121204600F0DCF805B010BDFB
:102A100010B585B004460720CDE900204020029083
:102A2000002003904FF48060049069462046FFF731
:102A300007FF41F288320721204600F0C3F805B0B5
:102A400010BD10B585B0044600210220CDE900106C
:102A5000C020CDE902014FF4806004906946204611
:102A6000FFF7EEFE204600F03DF905B010BD10B5B1
:102A700085B004460920CDE90010C0200290002056
:102A800003904FF48060049069462046FFF7D8FE1B
:102A9000204600F027F905B010BD10B585B00446FA
:102AA00000213320CDE900104020CDE902010001D2
:102AB000049069462046FFF7C3FE41F28832332175
:102AC000204600F07FF805B010BD10B585B0044673
:102AD0000D20CDE9001040200290002003904FF41B
:102AE0008060049069462046FFF7AAFE41F28832D2
:102AF0000D21204600F066F805B010BD30B585B058
:102B00000C46054600210320CDE900104020CDE908
:102B100002010001049069462846FFF791FE224613
:102B20000321284600F028F905B030BD10B585B066
:102B3000044600210C20CDE900104020CDE902011F
:102B40000001049069462046FFF77AFE034A0C21F3
:102B5000204600F037F805B010BD000000E1F50593
:102B600010B585B004461920CDE900104020029030
:102B7000002003904FF48060049069462046FFF7E0
:102B80005FFE41F288321921204600F01BF805B0A3
:102B900010BD10B585B004461820CDE900104020C6
:102BA0000290002003904FF4806004906946204614
:102BB000FFF746FE41F288321821204600F002F865
:102BC00005B010BD454B10B51B684FF4FA54B3FB6C
:102BD000F4F353435B1E02D24FF0004010BD426B32
:102BE00012F0450FF6D01205F4D4426B520703D50C
:102BF00004218163084610BD426BD20702D0012137
:102C0000816305E0C52282630269D2B28A4201D0A3
:102C1000012010BD0021FFF7F7FD3149084201D125
:102C2000002010BD002802DA4FF0007010BD4100F6
:102C300001D5402010BD810001D5802010BDC1000C
:102C400002D54FF4807010BD010102D54FF4007021
:102C500010BD410102D54FF4806010BDC10102D505
:102C60004FF4006010BD010202D54FF4805010BD3A
:102C7000410202D54FF4005010BD810202D54FF43D
:102C8000804010BDC10202D54FF4004010BD410389
:102C900002D54FF4003010BD810302D54FF48020DF
:102CA00010BDC10302D54FF4002010BD010402D5B0
:102CB0004FF4801010BD410402D54FF4001010BD38
:102CC000810402D54FF4800010BD000702D54FF4F7
:102CD000000010BD4FF4803010BD000048000020FF
:102CE00008E0FFFD12494FF4FA520968B1FBF2F116
:102CF00041F288325143491E02D24FF000407047E2
:102D0000426B12F0450FF6D01205F4D4416B49071F
:102D100003D50421816308467047416BC90703D07E
:102D20000121816308467047C521816300207047F7
:102D3000480000200F494FF4FA520968B1FBF2F144
:102D400041F288325143491E02D24FF00040704791
:102D5000426B12F0450FF6D01205F4D4416B4907CF
:102D600003D50421816308467047C5218163002093
:102D7000704700004800002030B5204B4FF4FA5453
:102D80001B68B3FBF4F341F2883463435B1E02D249
:102D90004FF0004030BD446B14F0450FF6D02405D1
:102DA000F4D4436B5B0703D504218163084630BD2F
:102DB000436BDB0702D00121816303E00369DBB2CF
:102DC0008B4201D0012030BDC52181630021FFF776
:102DD0001BFD10F4604F04D0410406D54FF40050A1
:102DE00030BD000C1080002030BD000402D54FF42F
:102DF000805030BD4FF4803030BD000048000020CE
:102E000014494FF4FA520968B1FBF2F141F28832E9
:102E10005143491E02D24FF000407047426B12F0FE
:102E2000450FF6D01205F4D4416B490703D50421B0
:102E3000816308467047416BC90703D00121816354
:102E400008467047416B490601D540218163002047
:102E5000704700004800002010B5064C012020708B
:102E6000FDF7F0FD18B9207820F0010020702078DF
:102E700010BD00002C00002070B5054604F08FFC4A
:102E8000044603E0FDF7DEFD002806D004F087FCD1
:102E9000001BA842F6D34FF0FF3070BD10B5846B15
:102EA000FEF716F8022828D0206C416DE06B406DCB
:102EB000012901D001281DD12168104888632068AC
:102EC000C16B21F49D71C163A06B40F08040A06391
:102ED0002046FEF7EBFD062801D0052805D1206825
:102EE000FFF724FEA16B0843A063012084F834009F
:102EF000002020632046FEF7F9FC10BDFF054000CE
:102F000010B5846B206B822809D12068FFF70EFE74
:102F100028B1A16B0143A1632046FEF7E7FC2068BE
:102F2000C16A21F00801C162216840F23A50886309
:102F3000012084F83400002020632046FEF700FFC3
:102F400010BD806B0068C16B41F48071C163704734
:102F50002DE9F04788B00D460446FEF7F7F8002645
:102F6000824600960196374608212068FFF7ACFCA0
:102F700000282CD1B4F8500001042068FFF770FC41
:102F8000002824D1401E4FF00808CDE90208302067
:102F90004FF00209CDE904090120CDE9067002A92C
:102FA0002068FFF71BFC2068FFF777FD00280ED193
:102FB0006F462068416B11F02A0F0BD0416B090757
:102FC00002D4416B89051AD5C0F83880082008B0B2
:102FD000BDE8F087416B890205D5FFF72EFC47F865
:102FE0002600761C02E0416B8904E7D5FEF7AEF8B7
:102FF000A0EB0A00401CDCD14FF00040E7E7416B3A
:10300000890703D5C0F838900220E0E7416B8906B4
:1030100003D5202181630846D9E740F23A51816304
:10302000019800BA2860009800BA68600020CEE7D6
:1030300010B590B004460120ADF838002068FFF7C5
:10304000DFFB002854D0606C032842D02068FFF7D3
:10305000F8FC00284AD100212068FFF7D5FB606703
:1030600004212068FFF7D0FBA06708212068FFF744
:10307000CBFBE0670C212068FFF7C6FBC4F880009B
:10308000606C032825D00EA92068FFF737FD0028C3
:103090002CD1606C03281CD0BDF8380020650104D9
:1030A0002068FFF7E4FC002820D100212068FFF70A
:1030B000ABFB606604212068FFF7A6FBA066082131
:1030C0002068FFF7A1FBE0660C212068FFF79CFB5E
:1030D000206704212068FFF797FB000DE06403A937
:1030E0002046FEF705FC30B14FF0805010B010BD07
:1030F0004FF08060FAE7B4F8500000230204206823
:10310000FFF786FC0028F1D104F1100007C88DE814
:10311000070094E80F00FFF77AFB0020E6E70000C5
:103120002DE9F84F0026044600963546B046006863
:10313000FFF7FCFB002827D12068FFF71FFC4FF0AA
:10314000805B4FF001094FF6FF7748B1A664206815
:10315000FFF7ECFB002817D1A06C012802D020E07B
:10316000C4F8489000212068FFF77AFB58B918E0AE
:1031700000212068FFF774FB002805D15146206824
:10318000FFF788FB10B15846BDE8F88F0021206892
:10319000FFF73AFB05464FEAD0780098401C0090B4
:1031A00002E0DFF82CA00098B84202D2B8F1000F7C
:1031B000DED00098B84202D34FF08070E4E7680098
:1031C00002D5C4F8449000E066640020DCE700000B
:1031D000000010C17FB5124C05460120207004F09C
:1031E000D0FAC8B1FDF73AFC18B92846FFF734FE0B
:1031F0002070207801280FD0606868B9094B0FCB88
:103200008DE80F000021684604F0D5FA606018B917
:10321000207840F001002070207804B070BD0000DC
:103220002C00002090C0000810B5124888B0144649
:103230000078C00702D0032008B010BDC1B1012939
:1032400005D0022908D003290CD00420F4E76846F1
:10325000FDF7F2FB06980AE06846FDF7EDFB0798DC
:10326000208005E06846FDF7E7FB0798400A2060EC
:103270000020E1E72C0000202DE9FE4347F2305406
:103280001E461746884601252046FFF7F5FD002813
:103290001EDB324639464046FDF700FCC0B90F48F8
:1032A00022464168684604F099FADDE900101029C9
:1032B0000ED101280CD104F072FA064603E000BFDB
:1032C000FDF7C0FB38B104F06AFA801BA042F7D3C7
:1032D0002846BDE8FE830025FAE700002C00002008
:1032E000FFF7BABD2DE9FE4347F230541D4617469D
:1032F000884601262046FFF7BFFD00281EDB2A4630
:1033000039464046FDF7E0FBC0B90F482246416808
:10331000684604F063FADDE9001010290ED1022896
:103320000CD104F03CFA054603E000BFFDF78AFB30
:1033300038B104F034FA401BA042F7D33046BDE860
:10334000FE830026FAE700002C0000208CB003F07A
:10335000EDFD4FF6FF7001F0D3F84FF01809A3A26E
:10336000CDE900924FF01F0A4B46CDF808A0C822C5
:103370000F21142004F056F91422A0A1CDE9002158
:103380004FF000081346CDF80880C8223C211420D5
:1033900004F048F9DFF874B29D4C4FF0FF36324626
:1033A0006846A16904F01AFADDE900753146E06962
:1033B00004F0BCFA102F2DD1287A012832D04FF614
:1033C000FF754023DC2228211420009503F08AFD9C
:1033D0006823DC2250211420009503F083FD8DA288
:1033E000CDF80090CDE901281823DC2228211420F3
:1033F00004F018F9012291025D465846FDF7A1FE3E
:10340000002239012846FDF79CFE01225102284680
:10341000FDF797FEE06904F061FA4FF4FA7004F0EA
:10342000A9F9BCE74FF6FF774023DC2228211420BE
:10343000009703F057FD4023DC2250211420009711
:1034400003F050FD4023DC2278211420009703F084
:1034500049FD4023DC22A0211420009703F042FD07
:103460002868FDF703F841EC100B6EA153EC102B0C
:1034700003A800F093FB03A9CDE900914F46182360
:10348000C822CDF808802821142004F0CBF8686801
:10349000FCF7ECFF41EC100B65A153EC102B03A8DB
:1034A00000F07CFB03A9CDE900711823C822CDF8F8
:1034B00008805021142004F0B5F86068FCF7D6FFAE
:1034C00041EC100B5EA153EC102B03A800F066FB3F
:1034D00003A9CDE900711823C822CDF8088078210E
:1034E000142004F09FF8A068FCF7C0FF41EC100B1B
:1034F00057A153EC102B03A800F050FB03A9CDE912
:1035000000711823C822CDF80880A021142004F0EF
:1035100089F895EC020AD4ED021A94ED011AFDF730
:1035200045FAFDF705FA38B1012211025D46584609
:10353000FDF707FE002207E000224FF480715D4690
:103540005846FDF7FEFD01224FF400712846FDF7B5
:10355000F8FD4FF6FF754FF48773F022C821142051
:10356000009503F0BFFCFDF7E3F970B1C8226823B2
:1035700011461420009503F0B5FC4FF4784138A2B1
:103580000097CDE9012118230BE0FDF7CBF90128C5
:103590000AD003281BD036A2CDE900721823CDF83B
:1035A0000880C82211460EE0FDF7B0F9024632A1AC
:1035B00003A800F0F3FA03A81823CDE90070C8228D
:1035C0001146CDF808A0142004F02CF822E7FDF7EE
:1035D000A3F902462CA103A800F0E0FA4FF4FC6224
:1035E00003A80097CDE901021823DAE74B455920DB
:1035F00054455354204D4F44450000005041303D48
:10360000534554205041353D41444400001402408C
:103610000800002053656E736F72204572726F72DE
:103620002100000054656D703A252E31662043005C
:1036300048756D693A252E31662025250000000069
:10364000542D414C41524D3A252E31662043000005
:10365000482D414C41524D3A252E316620252500FA
:1036600021212120414C41524D20212121000000E7
:103670004E6F726D616C00005761726E696E673AD1
:103680002025642F35000000436C656172696E6708
:103690003A2025642F330000012004F06BF8FBE78B
:1036A00094B09FED310A8DED020A8DED030AFDF70E
:1036B0001BFA2E4FDFF8B8A02E4C4FF480694FF064
:1036C00005084FF4FA6B03A902A8FDF735FA217833
:1036D00001EB410107EB8101D8B1002008720A22F9
:1036E000A06904F0C5F864230D2223A12648FEF743
:1036F000A5FE012249465046FDF723FD2078401CD7
:10370000B0FBF8F208FB12002070584604F032F8C3
:10371000D9E7012008729DED020A0A2281ED000A14
:103720009DED030A81ED010AA06904F0A1F8039858
:10373000FCF79CFE05460E460298FCF797FE41EC0E
:10374000100BCDE9005653EC102B10A104A800F08B
:1037500025FA04A8FCF7EBFD82B2642304A90A4809
:10376000FEF76CFE0022C5E7000000001C010020EF
:103770000014024008000020526561642045727206
:103780006F720D0A00000000C804002054656D70BF
:103790003A20252E3166432C2048756D693A202544
:1037A0002E316625250D0A0010B5FDF7D5FC05F074
:1037B000C3FA012803D0BDE8104004F061BE10BD7B
:1037C00030B593B030216846FCF7A6FD14210CA853
:1037D000FCF7A2FD1E480025016841F08051016000
:1037E000006800F0805011901A48016841F480414F
:1037F00001600068022400F48040119001200090D4
:10380000000401908001CDE90640082008904FF4A3
:10381000A870CDE9090407200B906846FDF724FE47
:1038200008B172B6FEE70CA90F2081E831004FF411
:10383000A0500F904FF48050109005210CA8FDF778
:1038400029FD002801D072B6FEE713B030BD00009C
:1038500040380240007000400248016841F47001A5
:103860000160704788ED00E00148FEF7CBBC000026
:1038700080040020F0B50268274B284D284E294FC0
:10388000294C4FF0804C984209D0604507D0A8429F
:1038900005D0B04203D0B84201D0A04204D122F0FA
:1038A000700E4A6842EA0E0298421BD0604519D059
:1038B000A84217D0B04215D0B84213D0A04211D0C0
:1038C0001A4DA8420ED01A4DA8420BD0194DA8424D
:1038D00008D0194DA84205D0184DA84202D0184D65
:1038E000A84203D122F44075CA682A434D6922F0E8
:1038F00080022A438D68C5620D688562984201D0B6
:10390000A04201D109690163016841F0040101602D
:10391000012141610260F0BD00000140000400404F
:1039200000080040000C004000040140004001403D
:10393000004401400048014000180040001C0040C5
:103940000020004010B5846842EA032224F47F443A
:103950000A432243826010BD826822F070020A434B
:1039600042F007018160704710B5036A046A24F0D1
:1039700001040462846924F0F00444EA021423F090
:103980000A020A438461026210BD10B5036A046A28
:1039900024F010040462846923F0A00324F470442A
:1039A00044EA023243EA01118261016210BD0168FA
:1039B0000C3151E8002F22F4907241E80023002BD3
:1039C000F5D10168143151E8002F22F0010241E8DD
:1039D0000023002BF5D1016B012909D101680C31BD
:1039E00051E8002F22F0100241E80023002BF5D10E
:1039F000202180F8421000210163704770B5044611
:103A000000680169E26821F44051114301612169B4
:103A1000A068E26908436169114308432168CA68E4
:103A200049F20C639A430243CA6020684169A26963
:103A300021F440711143416131492068884202D02C
:103A40003049884202D1FDF7CFFC01E0FDF7BCFC14
:103A5000E2690023192164253226B2F5004F62681D
:103A600028D0A0FB0101930F9200FCF70BFC01464C
:103A7000B0FBF5F06FF01802504301EB800006EB4D
:103A80000010B0FBF5F000F0F002B1FBF5F002EB36
:103A90000012B1FBF5F06FF01803584301EB800002
:103AA00006EB0010B0FBF5F000F00F0021681044A9
:103AB000886070BDA0FB010192185B41FCF7E2FB3E
:103AC0000146B0FBF5F00201B1FBF5F06FF0180311
:103AD000584301EB800006EBC000B0FBF5F000F0AE
:103AE000F80002EB4002B1FBF5F0584301EB800017
:103AF00006EBC000B0FBF5F000F00700D6E70000D1
:103B000000100140001401402DE9F8439846174683
:103B10000D460446089E24E0701C22D0FDF716FBDB
:103B2000A0EB0800B0421AD8CEB12068C16849079E
:103B300017D5802D15D0402D13D00168C943090732
:103B40000FD401680025406800902046FFF72FFF42
:103B50000820606484F840500120BDE8F883032009
:103B6000FBE72068006835EA000004D00020B84276
:103B7000D2D00020F1E70120F9E7FEE70FB4054BB2
:103B800010B503A9044A029800F0FEF810BC5DF8D5
:103B900014FB0000DD440008B80000200FB4084BFF
:103BA00010B504A902AA039800F0EEF8044602A991
:103BB000002000F06CFC204610BC5DF814FB0000F7
:103BC0008F4400080907090E002804DB00F1E020FB
:103BD00080F80014704700F00F0000F1E02080F83A
:103BE000141D704702E008C8121F08C1002AFAD14C
:103BF00070477047002001E001C1121F002AFBD16D
:103C0000704700002DE9FF5F82B00021DDE904303C
:103C1000020DDDF840B0034318D044F61050A2F274
:103C2000FF3242431514119801281FD0A5EB0B0059
:103C3000401C5FEA000A4FF000064E4FDFF8389153
:103C4000B046504615D5CAF1000413E0119801247E
:103C50004AA3012801D16FEA0B010298119AC0E929
:103C60000031C0E9024206B0BDE8F09FCBF1000090
:103C7000DFE704460021404A491842EB0450CDE9F1
:103C8000001012E0E00707D032463B464046494666
:103C9000FCF754FB8046894632463B46104619469F
:103CA000FCF74CFB06460F466410002CEAD1DDE918
:103CB0000401DDE90023BAF1000F06DAFCF73EFB50
:103CC00042464B46FCF73AFB05E0FCF71BFD42463B
:103CD0004B46FCF717FD04460E460022284BFCF726
:103CE00099FD03D84FF0FF30014607E00022254B35
:103CF00020463146FCF75FFCFCF773FD102409E019
:103D0000002C0ADB0A220023FCF7BCFA039B3032AA
:103D10001A55641E50EA0102F2D1641C039AC4F1E0
:103D200011031444119A012A03D0012208430DD132
:103D30000AE0084304D000204FF0110B119072E705
:103D4000A3EB0B056D1E0DE05B4504DD4FF000029B
:103D500005F1010504E003DA4FF00002A5F10105C9
:103D6000002AECD002981199C0E90231C0E900455F
:103D700079E70000000014400000F03F3000000030
:103D80000000F0430000E03F2DE9FF4F95B09A4658
:103D9000884606460025EEE1252877D100242746EF
:103DA000F94A0121039400E0044316F8013F203B47
:103DB00001FA03F01042F7D130782A2811D06FF0C1
:103DC0002F033078A0F13002092A16D8039A44F064
:103DD000020402EB820203EB42021044761C0390C1
:103DE000EFE758F8042B0392002A03DA504244F418
:103DF0000054039044F00204761C30782E2816D12B
:103E000016F8010F44F004042A280DD06FF02F0299
:103E10003078A0F13003092B09D807EB870302EBB8
:103E20004303C718761CF3E758F8047B761C3078F8
:103E30006C280FD006DC4C2817D068280DD06A28D3
:103E400014D104E0742810D07A280FD10DE044F486
:103E500000140AE044F4801401E044F44014727841
:103E6000824202D104F58014761C761C30786628D4
:103E70000BD013DC582877D009DC002875D04528F2
:103E8000F6D04628F4D047281AD193E118E06328E9
:103E900035D0642879D0652812D18BE1702873D091
:103EA00008DC6728F1D069286FD06E280DD06F2804
:103EB00006D1ACE073282CD0752874D0782853D064
:103EC0005246179990476D1C54E1C4F302500228E2
:103ED00009D003280DD0D8F8001004280DD00D60AB
:103EE00008F1040846E1D8F80010EA17C1E90052C9
:103EF000F6E7D8F800100D80F2E70D70F0E718F83B
:103F0000041B8DF8001000208DF80100EB46012005
:103F100003E058F804BB4FF0FF3061074FF0000199
:103F200002D40DE009F101018946B9420FDA814559
:103F3000F8DB1BF809100029F4D108E009F10101B0
:103F400089468142FADB1BF809100029F6D1039853
:103F50005346A0EB090721463846179A00F080FA2D
:103F6000284400EB090507E044E008E10DE01BF8F8
:103F7000010B524617999047B9F10109F7D2534600
:103F800021463846179AF2E039E00A21C4F302527A
:103F90004FF0000B0091022A06D058F8040BC1170D
:103FA000032A09D00AE023E008F1070020F0070205
:103FB000F2E80201904605E000B2C117042A01D1DF
:103FC00040B2C117002906DA0A460021404261EBDF
:103FD00002012D2202E0220504D52B228DF80420B7
:103FE000012203E0E20701D02022F7E7914657E0E3
:103FF0000A2100E010214FF0000B00910BE010218E
:104000004FF0000B44F004040827009103E008205F
:104010004FF0000B0090C4F30252022A05D058F86A
:10402000040B0021032A08D008E008F1070020F063
:104030000702F2E80201904603E080B2042A00D1B0
:10404000C0B24FF0000922072AD53278702A07D073
:10405000DDF800C08CF0100C5CEA0B0C05D00EE013
:1040600040228DF80420012208E050EA010306D026
:1040700030238DF804308DF8052002229146009BF4
:1040800083F0080353EA0B030AD150EA010201D17D
:10409000620705D530228DF804204FF001097F1EFC
:1040A0003278582A04D039A20C920CAA02920BE062
:1040B0003BA2F9E75B46009AFCF7E4F80C9B9B5C9B
:1040C000029A521E0292137050EA0102F2D1029833
:1040D00004A9081A00F1200B600702D524F48034EB
:1040E00000E001275F4502DDA7EB0B0000E00020A8
:1040F00000EB0B01009003984944401A0390E00341
:1041000006D453462146179A039800F0A9F90544AE
:10411000002706E001A85246C05D179990476D1C24
:104120007F1C4F45F6DBE0030CD553462146179A1A
:10413000039800F095F9054404E0302052461799A1
:1041400090476D1C0099481E00900029F5DC08E09E
:104150000298029952460078491C0291179990479B
:104160006D1CBBF10001ABF1010BF1DC5BE100F078
:1041700065F90544761C307800287FF40DAE19B03F
:104180002846BDE8F08F00000928010030313233A5
:104190003435363738396162636465660000000083
:1041A000303132333435363738394142434445466D
:1041B00000000000600700D4062708F1070020F087
:1041C0000700F0E80223804603F0004C5FEA0C0091
:1041D00001D097A009E0200501D596A005E0E007F1
:1041E00001D095A001E0AFF24C001390307823F09D
:1041F000004365280CD006DC452809D046281DD090
:1042000047287FD13BE0662818D067287AD136E06E
:104210000021112F01DB112000E0781CCDE9000105
:1042200004A90CA8FFF7EEFCDDE90D010C9A4FF094
:10423000000B07F10109109200914EE04FF0004091
:104240000097CDE9011004A90CA8FFF7DBFCDDE91C
:104250000D020C9B0F994FF0000B914610930092AA
:1042600011B9791C00EB0109B7EB090003D4C0F1C7
:10427000FF3B07F10109A9EB0700019042E0012F84
:1042800000DA01270021112F01DD112000E038465E
:10429000CDE9000104A90CA8FFF7B4FCDDE90D018C
:1042A0000C9A00914FF0000BB946109221070FD4E1
:1042B000009A4A4503DA914601E0A9F10109B9F1F2
:1042C000010F05DD109AA9F10101515C3029F4D0EC
:1042D000B84202DA10F1040F03DA0121CDE901102E
:1042E00010E0002803DC8344A9EB000102E0411C3C
:1042F000494500DD8946A0EB0B00401C01904FF0C2
:1043000000400290200705D40198484502DB4FF099
:10431000FF30019000208DF84B0002980DF14B0703
:10432000B0F1004F25D002200C902B200D90029868
:1043300000280CDA404202902D200D9007E00A215F
:104340000298FCF7A6F83031029007F8011D0C998D
:10435000481E0C900029F2DC02980028EFD1791E4B
:104360000D980870307800F0200040F0450007F804
:10437000020D11A8C01BC01D02901398007800B157
:10438000012000EB0901019801EBE0710298014462
:104390000398401A401E0390E00306D4534621467A
:1043A000179A039800F05CF805441398007818B148
:1043B0005246179990476D1CE00323D5534621467A
:1043C000179A039800F04CF805441BE0BBF1000F6E
:1043D00007DB0098584504DD1098179910F80B007A
:1043E00001E0179930205246904701980BF1010BDC
:1043F000401E05F10105019004D12E205246179967
:1044000090476D1CB9F10001A9F10109DEDC05E05E
:1044100017F8010B5246179990476D1C0299481ED8
:1044200002900029F4DC53462146179A03989EE631
:104430002D0000002B000000200000002DE9F041BD
:10444000044600251E461746880404D405E0394674
:104450002020B0476D1C641EF9D52846BDE8F081C8
:104460002DE9F041044600251E469046C80301D5BB
:10447000302700E02027880404D505E0414638466F
:10448000B0476D1C641EF9D52846BDE8F0810A6866
:10449000531C0B60107070470149086070470000A2
:1044A000B40000204FF47A71484300F001B80000D6
:1044B00010B504000FD00848FDF7E6FD06480021BE
:1044C000026851620068416AA142FCD3BDE8104015
:1044D0000148FDF715BE10BD8004002013B54FF64E
:1044E000FF73012269460248FDF7A8FF00981CBD32
:1044F000C8040020EFF30580002800D00120704799
:1045000070B50A490646002408884D88214645436F
:10451000204602F09FFF03F0F1F84FF0D84002E090
:10452000A0F88060641CAC42FAD370BD0C0100207E
:104530002DE9F04F38492C260A46887192884FF4AD
:10454000305A4FF4285B41F6631E2B274FF02A0C9C
:104550004FF0F00845F210594FF448754FF4A0742D
:104560004FF4F07358B10C80A1F802804A4530D165
:10457000A1F808A0A1F80AB03802888141E0A1F8AA
:1045800000804C804A4507D1A1F808A0A1F80AB0E4
:104590004FF42C50888105E072450E8105D14F8182
:1045A000A1F80CC00B804D8002E0A1F80AC08F81F9
:1045B000A2F5A640103803D0A2F5EE40963801D1FE
:1045C0000C804B80A2F5184006381FD10B804D801F
:1045D0001CE0724511D0A2F5184006380DD00E81AE
:1045E000A1F80AC0A1F80C70A2F5A64010380BD0B3
:1045F000A2F5EE40963807D008E00E81A1F80AC077
:104600008F810D804B80EFE70B804C80BDE8F04F31
:10461000002002F05DBE00000C01002010B5144621
:1046200002F018FF03F06AF84FF0D840A0F880407D
:1046300010BD10B5CF2003F055F8002003F046F868
:10464000C12003F043F8302003F040F8ED2003F0E0
:1046500049F8642003F03AF8032003F037F81220F9
:1046600003F034F8812003F031F8E82003F03AF841
:10467000852003F02BF8102003F028F87A2003F0AF
:1046800025F8CB2003F02EF8392003F01FF82C205A
:1046900003F01CF8002003F019F8342003F016F89A
:1046A000022003F013F8F72003F01CF8202003F099
:1046B0000DF8EA2003F016F8002003F007F80020B8
:1046C00003F004F8C02003F00DF81B2002F0FEFFF9
:1046D000C12003F007F8012002F0F8FFC52003F025
:1046E00001F8302002F0F2FF302002F0EFFFC72087
:1046F00002F0F8FFB72002F0E9FF362002F0F2FFE7
:10470000482002F0E3FF3A2002F0ECFF552002F0CF
:10471000DDFFB12002F0E6FF002002F0D7FF1A20F3
:1047200002F0D4FFB62002F0DDFF0A2002F0CEFF37
:10473000A22002F0CBFFF22002F0D4FF002002F012
:10474000C5FF262002F0CEFF012002F0BFFFE020CF
:1047500002F0C8FF0F2002F0B9FF2A2002F0B6FFD6
:10476000282002F0B3FF082002F0B0FF0E2002F074
:10477000ADFF082002F0AAFF542002F0A7FFA920F5
:1047800002F0A4FF432002F0A1FF0A2002F09EFFE6
:104790000F2002F09BFF002002F098FF002002F0A3
:1047A00095FF002002F092FF002002F08FFFE12031
:1047B00002F098FF002002F089FF152002F086FF2A
:1047C000172002F083FF072002F080FF112002F083
:1047D0007DFF062002F07AFF2B2002F077FF5620A3
:1047E00002F074FF3C2002F071FF052002F06EFF22
:1047F000102002F06BFF0F2002F068FF3F2002F054
:1048000065FF3F2002F062FF0F2002F05FFF2B20C8
:1048100002F068FF002002F059FF002002F056FF6E
:10482000012002F053FF3F2002F050FF2A2002F047
:1048300059FF002002F04AFF002002F047FF00204D
:1048400002F044FFEF2002F041FF112002F04AFF86
:104850007820FFF727FEBDE81040292002F042BF74
:1048600010B5FF2002F03EFFFF2002F02FFF98203E
:1048700002F02CFF062002F029FFBC2002F032FFDC
:10488000012002F023FF0F2002F020FF612002F040
:104890001DFFFF2002F01AFF012002F017FF012088
:1048A00002F014FF0B2002F011FF102002F00EFFA7
:1048B000372002F00BFF632002F008FFFF2002F018
:1048C00005FFFF2002F002FF012002F0FFFE0120A1
:1048D00002F0FCFE002002F0F9FE002002F0F6FEDD
:1048E000FF2002F0F3FE522002F0F0FE012002F061
:1048F000EDFE002002F0EAFE402002F0E7FEBD20BF
:1049000002F0F0FE012002F0E1FE232002F0DEFEC4
:10491000452002F0DBFE672002F0D8FE012002F005
:10492000D5FE232002F0D2FE452002F0CFFE672004
:1049300002F0CCFEBE2002F0D5FE002002F0C6FE42
:10494000012002F0C3FEAB2002F0C0FE602002F0A6
:10495000BDFE222002F0BAFE222002F0B7FE222085
:1049600002F0B4FE222002F0B1FE222002F0AEFEE0
:10497000C72002F0B7FE362002F0A8FEED2002F0BC
:10498000B1FE7F2002F0A2FE0F2002F09FFEC020A9
:1049900002F0A8FE0F2002F099FE0B2002F096FE16
:1049A0000A2002F093FEFC2002F09CFE082002F098
:1049B0008DFEDF2002F096FE002002F087FE002030
:1049C00002F084FE002002F081FE002002F07EFE54
:1049D000002002F07BFE202002F078FEF32002F09F
:1049E00081FE742002F072FEB42002F07BFE0020F3
:1049F00002F06CFE002002F069FE002002F066FE6C
:104A0000F72002F06FFE822002F060FEB12002F07B
:104A100069FE002002F05AFE132002F057FE132018
:104A200002F054FEF22002F05DFE802002F04EFE05
:104A3000042002F04BFE402002F048FE282002F045
:104A400045FEC12002F04EFE172002F03FFE8820F6
:104A500002F03CFE882002F039FE202002F036FEF3
:104A6000E02002F03FFE002002F030FE0A2002F0BB
:104A70002DFE122002F02AFE102002F027FE0E204A
:104A800002F024FE202002F021FECC2002F01EFEC7
:104A9000072002F01BFE062002F018FE0B2002F099
:104AA00015FE0E2002F012FE0F2002F00FFE0D2068
:104AB00002F00CFE152002F009FE102002F006FEA6
:104AC000002002F003FEE12002F00CFE002002F0C4
:104AD000FDFD0B2002F0FAFD132002F0F7FD0D2082
:104AE00002F0F4FD0E2002F0F1FD1B2002F0EEFDBD
:104AF000712002F0EBFD062002F0E8FD062002F036
:104B0000E5FD0A2002F0E2FD0F2002F0DFFD0E209D
:104B100002F0DCFD0F2002F0D9FD152002F0D6FDD9
:104B20000C2002F0D3FD002002F0D0FD2A2002F07C
:104B3000D9FD002002F0CAFD002002F0C7FD0120CF
:104B400002F0C4FDDF2002F0C1FD2B2002F0CAFDFF
:104B5000002002F0BBFD002002F0B8FD032002F0AF
:104B6000B5FD1F2002F0B2FD3A2002F0BBFD55203A
:104B700002F0ACFD362002F0B5FD002002F0A6FDEB
:104B8000112002F0AFFD7820FFF78CFC292002F005
:104B9000A9FD1420FFF786FCBDE810402C2002F090
:104BA000A1BD10B5ED2002F09DFD012002F08EFDAB
:104BB000FE2002F08BFDEE2002F094FDDE2002F0DC
:104BC00085FD212002F082FDF12002F08BFD012005
:104BD00002F07CFDDF2002F085FD102002F076FD62
:104BE000C42002F07FFD8F2002F070FDC62002F08D
:104BF00079FD002002F06AFDE22002F067FDE2206C
:104C000002F064FDE22002F061FDBF2002F06AFDC7
:104C1000AA2002F05BFDB02002F064FD0D2002F03E
:104C200055FD002002F052FD0D2002F04FFD002046
:104C300002F04CFD112002F049FD002002F046FD7B
:104C4000192002F043FD002002F040FD212002F077
:104C50003DFD002002F03AFD2D2002F037FD00203E
:104C600002F034FD3D2002F031FD002002F02EFD67
:104C70005D2002F02BFD002002F028FD5D2002F0F7
:104C800025FD002002F022FDB12002F02BFD802046
:104C900002F01CFD002002F019FD8B2002F016FD31
:104CA000002002F013FD962002F010FD002002F01B
:104CB0000DFDB22002F016FD002002F007FD0020DD
:104CC00002F004FD022002F001FD002002F0FEFCD3
:104CD000032002F0FBFC002002F0F8FCB32002F0FD
:104CE00001FD002002F0F2FC002002F0EFFC0020A9
:104CF00002F0ECFC002002F0E9FC002002F0E6FCEF
:104D0000002002F0E3FC002002F0E0FC002002F0B2
:104D1000DDFC002002F0DAFC002002F0D7FC0020CD
:104D200002F0D4FC002002F0D1FC002002F0CEFC06
:104D3000002002F0CBFC002002F0C8FC002002F0B2
:104D4000C5FC002002F0C2FC002002F0BFFC0020E5
:104D500002F0BCFC002002F0B9FC002002F0B6FC1E
:104D6000002002F0B3FC002002F0B0FC002002F0B2
:104D7000ADFCB42002F0B6FC8B2002F0A7FC0020B2
:104D800002F0A4FC962002F0A1FC002002F09EFCA0
:104D9000A12002F09BFC002002F098FCB52002F05C
:104DA000A1FC022002F092FC002002F08FFC032004
:104DB00002F08CFC002002F089FC042002F086FC4A
:104DC000002002F083FCB62002F08CFC002002F0F0
:104DD0007DFC002002F07AFCB72002F083FC00206A
:104DE00002F074FC002002F071FC3F2002F06EFC27
:104DF000002002F06BFC5E2002F068FC002002F054
:104E000065FC642002F062FC002002F05FFC8C2054
:104E100002F05CFC002002F059FCAC2002F056FCD1
:104E2000002002F053FCDC2002F050FC002002F0D5
:104E30004DFC702002F04AFC002002F047FC90205C
:104E400002F044FC002002F041FCEB2002F03EFCAA
:104E5000002002F03BFCDC2002F038FC002002F0D5
:104E600035FCB82002F03EFC002002F02FFC0020B0
:104E700002F02CFC002002F029FC002002F026FCAD
:104E8000002002F023FC002002F020FC002002F0B1
:104E90001DFC002002F01AFCBA2002F023FC2420A2
:104EA00002F014FC002002F011FC002002F00EFCC5
:104EB000002002F00BFCC12002F014FC202002F0C4
:104EC00005FC002002F002FC542002F0FFFB002051
:104ED00002F0FCFBFF2002F0F9FB002002F0F6FBE1
:104EE000C22002F0FFFB0A2002F0F0FB002002F0DB
:104EF000EDFB042002F0EAFB002002F0E7FBC320F8
:104F000002F0F0FB3C2002F0E1FB002002F0DEFBAF
:104F10003A2002F0DBFB002002F0D8FB392002F03F
:104F2000D5FB002002F0D2FB372002F0CFFB00209F
:104F300002F0CCFB3C2002F0C9FB002002F0C6FBD3
:104F4000362002F0C3FB002002F0C0FB322002F04A
:104F5000BDFB002002F0BAFB2F2002F0B7FB0020BF
:104F600002F0B4FB2C2002F0B1FB002002F0AEFBFB
:104F7000292002F0ABFB002002F0A8FB262002F063
:104F8000A5FB002002F0A2FB242002F09FFB0020E2
:104F900002F09CFB242002F099FB002002F096FB1B
:104FA000232002F093FB002002F090FB3C2002F053
:104FB0008DFB002002F08AFB362002F087FB0020E8
:104FC00002F084FB322002F081FB002002F07EFB25
:104FD0002F2002F07BFB002002F078FB2C2002F057
:104FE00075FB002002F072FB292002F06FFB00200D
:104FF00002F06CFB262002F069FB002002F066FB49
:10500000242002F063FB002002F060FB242002F069
:105010005DFB002002F05AFB232002F057FB00202A
:1050200002F054FBC42002F05DFB622002F04EFB54
:10503000002002F04BFB052002F048FB002002F0AC
:1050400045FB842002F042FB002002F03FFBF020F1
:1050500002F03CFB002002F039FB182002F036FB86
:10506000002002F033FBA42002F030FB002002F00D
:105070002DFB182002F02AFB002002F027FB502015
:1050800002F024FB002002F021FB0C2002F01EFBAA
:10509000002002F01BFB172002F018FB002002F09A
:1050A00015FB952002F012FB002002F00FFBF3200D
:1050B00002F00CFB002002F009FBE62002F006FBE8
:1050C000002002F003FBC52002F00CFB322002F0AE
:1050D000FDFA002002F0FAFA442002F0F7FA00206C
:1050E00002F0F4FA652002F0F1FA002002F0EEFA84
:1050F000762002F0EBFA002002F0E8FA882002F0B5
:10510000E5FA002002F0E2FAC62002F0EBFA2020D5
:1051100002F0DCFA002002F0D9FA172002F0D6FAE9
:10512000002002F0D3FA012002F0D0FA002002F0B1
:10513000CDFAC72002F0D6FA002002F0C7FA00200C
:1051400002F0C4FA002002F0C1FA002002F0BEFA18
:10515000C82002F0C7FA002002F0B8FA002002F0DE
:10516000B5FA002002F0B2FA002002F0AFFAC9202E
:1051700002F0B8FA002002F0A9FA002002F0A6FA24
:10518000002002F0A3FA002002F0A0FA002002F0B2
:105190009DFA002002F09AFA002002F097FA00200F
:1051A00002F094FA002002F091FA002002F08EFA48
:1051B000002002F08BFA002002F088FA002002F0B2
:1051C00085FA002002F082FA002002F07FFA002027
:1051D00002F07CFAE02002F085FA162002F076FA5E
:1051E000002002F073FA1C2002F070FA002002F096
:1051F0006DFA212002F06AFA002002F067FA3620E8
:1052000002F064FA002002F061FA462002F05EFA31
:10521000002002F05BFA522002F058FA002002F05F
:1052200055FA642002F052FA002002F04FFA7A2078
:1052300002F04CFA002002F049FA8B2002F046FA04
:10524000002002F043FA992002F040FA002002F018
:105250003DFAA82002F03AFA002002F037FAB9200D
:1052600002F034FA002002F031FAC42002F02EFAE3
:10527000002002F02BFACA2002F028FA002002F0E7
:1052800025FAD22002F022FA002002F01FFAD920DB
:1052900002F01CFA002002F019FAE02002F016FADF
:1052A000002002F013FAF32002F010FA002002F0BE
:1052B0000DFAE12002F016FA162002F007FA00209B
:1052C00002F004FA1C2002F001FA002002F0FEF9BC
:1052D000222002F0FBF9002002F0F8F9362002F05B
:1052E000F5F9002002F0F2F9452002F0EFF9002074
:1052F00002F0ECF9522002F0E9F9002002F0E6F9A0
:10530000642002F0E3F9002002F0E0F97A2002F0D4
:10531000DDF9002002F0DAF98B2002F0D7F9002045
:1053200002F0D4F9992002F0D1F9002002F0CEF970
:10533000A82002F0CBF9002002F0C8F9B92002F051
:10534000C5F9002002F0C2F9C42002F0BFF9002024
:1053500002F0BCF9CA2002F0B9F9002002F0B6F957
:10536000D22002F0B3F9002002F0B0F9D82002F008
:10537000ADF9002002F0AAF9E02002F0A7F9002020
:1053800002F0A4F9F32002F0A1F9002002F09EF946
:10539000E22002F0A7F9052002F098F9002002F0BF
:1053A00095F90B2002F092F9002002F08FF91B20F2
:1053B00002F08CF9002002F089F9342002F086F91D
:1053C000002002F083F9442002F080F9002002F06E
:1053D0007DF94F2002F07AF9002002F077F9612080
:1053E00002F074F9002002F071F9792002F06EF9F0
:1053F000002002F06BF9882002F068F9002002F02A
:1054000065F9972002F062F9002002F05FF9A6200A
:1054100002F05CF9002002F059F9B72002F056F9C9
:10542000002002F053F9C22002F050F9002002F0EF
:105430004DF9C72002F04AF9002002F047F9D120C7
:1054400002F044F9002002F041F9D62002F03EF9C2
:10545000002002F03BF9DD2002F038F9002002F0D4
:1054600035F9F32002F032F9002002F02FF9E320A1
:1054700002F038F9052002F029F9002002F026F99F
:105480000A2002F023F9002002F020F91C2002F08B
:105490001DF9002002F01AF9332002F017F900205C
:1054A00002F014F9442002F011F9002002F00EF984
:1054B000502002F00BF9002002F008F9622002F0FF
:1054C00005F9002002F002F9782002F0FFF8002030
:1054D00002F0FCF8882002F0F9F8002002F0F6F85B
:1054E000972002F0F3F8002002F0F0F8A62002F076
:1054F000EDF8002002F0EAF8B72002F0E7F800200B
:1055000002F0E4F8C22002F0E1F8002002F0DEF838
:10551000C72002F0DBF8002002F0D8F8D12002F01A
:10552000D5F8002002F0D2F8D52002F0CFF8002004
:1055300002F0CCF8DD2002F0C9F8002002F0C6F835
:10554000F32002F0C3F8002002F0C0F8E42002F0DB
:10555000C9F8012002F0BAF8002002F0B7F80120E3
:1055600002F0B4F8002002F0B1F8022002F0AEF828
:10557000002002F0ABF82A2002F0A8F8002002F088
:10558000A5F83C2002F0A2F8002002F09FF84B2082
:1055900002F09CF8002002F099F85D2002F096F8E5
:1055A000002002F093F8742002F090F8002002F03E
:1055B0008DF8842002F08AF8002002F087F893200A
:1055C00002F084F8002002F081F8A22002F07EF8B8
:1055D000002002F07BF8B32002F078F8002002F0FF
:1055E00075F8BE2002F072F8002002F06FF8C420B7
:1055F00002F06CF8002002F069F8CD2002F066F8A5
:10560000002002F063F8D32002F060F8002002F0DE
:105610005DF8DD2002F05AF8002002F057F8F32080
:1056200002F054F8002002F051F8E52002F05AF898
:10563000002002F04BF8002002F048F8002002F0B1
:1056400045F8002002F042F8022002F03FF8002066
:1056500002F03CF8292002F039F8002002F036F878
:105660003C2002F033F8002002F030F84B2002F02A
:105670002DF8002002F02AF85D2002F027F8002023
:1056800002F024F8742002F021F8002002F01EF845
:10569000842002F01BF8002002F018F8932002F09A
:1056A00015F8002002F012F8A22002F00FF80020F6
:1056B00002F00CF8B32002F009F8002002F006F81E
:1056C000BE2002F003F8002002F000F8C42001F030
:1056D000FDFF002001F0FAFFCD2001F0F7FF0020D0
:1056E00001F0F4FFD32001F0F1FF002001F0EEFF04
:1056F000DC2001F0EBFF002001F0E8FFF32001F0D7
:10570000E5FF002001F0E2FFE62001F0EBFF1120B1
:1057100001F0DCFF002001F0D9FF342001F0D6FFBA
:10572000002001F0D3FF562001F0D0FF002001F04F
:10573000CDFF762001F0CAFF002001F0C7FF7720DF
:1057400001F0C4FF002001F0C1FF662001F0BEFFA0
:10575000002001F0BBFF882001F0B8FF002001F01D
:10576000B5FF992001F0B2FF002001F0AFFFBB2090
:1057700001F0ACFF002001F0A9FF992001F0A6FF85
:10578000002001F0A3FF662001F0A0FF002001F03F
:105790009DFF552001F09AFF002001F097FF552052
:1057A00001F094FF002001F091FF452001F08EFFF1
:1057B000002001F08BFF432001F088FF002001F062
:1057C00085FF442001F082FF002001F07FFFE720E9
:1057D00001F088FF322001F079FF002001F076FF10
:1057E000552001F073FF002001F070FF762001F0DA
:1057F0006DFF002001F06AFF662001F067FF0020C6
:1058000001F064FF672001F061FF002001F05EFFFE
:10581000672001F05BFF002001F058FF872001F0B6
:1058200055FF002001F052FF992001F04FFF0020AA
:1058300001F04CFFBB2001F049FF002001F046FFC2
:10584000992001F043FF002001F040FF772001F094
:105850003DFF002001F03AFF442001F037FF002017
:1058600001F034FF562001F031FF002001F02EFF3F
:10587000232001F02BFF002001F028FF332001F04E
:1058800025FF002001F022FF452001F01FFF00202E
:1058900001F01CFFE82001F025FF002001F016FFB9
:1058A000002001F013FF992001F010FF002001F00B
:1058B0000DFF872001F00AFF002001F007FF88207C
:1058C00001F004FF002001F001FF772001F0FEFE4F
:1058D000002001F0FBFE662001F0F8FE002001F040
:1058E000F5FE882001F0F2FE002001F0EFFEAA2074
:1058F00001F0ECFE002001F0E9FEBB2001F0E6FE25
:10590000002001F0E3FE992001F0E0FE002001F00C
:10591000DDFE662001F0DAFE002001F0D7FE552002
:1059200001F0D4FE002001F0D1FE552001F0CEFEA2
:10593000002001F0CBFE442001F0C8FE002001F061
:10594000C5FE442001F0C2FE002001F0BFFE55203C
:1059500001F0BCFE002001F0B9FEE92001F0C2FE1A
:10596000AA2001F0B3FE002001F0B0FE002001F0FB
:10597000ADFE002001F0AAFE002001F0B3FEAA2037
:1059800001F0A4FECF2001F0ADFE002001F09EFE4C
:10599000002001F09BFE002001F098FE002001F0A5
:1059A00095FE002001F092FE002001F08FFE002005
:1059B00001F08CFE002001F089FE002001F086FE3F
:1059C000002001F083FE002001F080FE002001F0A5
:1059D0007DFE002001F07AFE002001F077FE00201D
:1059E00001F074FE002001F071FE002001F06EFE57
:1059F000F02001F077FE002001F068FE502001F059
:105A000065FE002001F062FE002001F05FFE002034
:105A100001F05CFEF32001F065FE002001F056FE6F
:105A2000F92001F05FFE062001F050FE102001F089
:105A30004DFE292001F04AFE002001F047FE3A20E9
:105A400001F050FE552001F041FE112001F04AFE08
:105A50006420FEF727FD292001F044FE352001F0E7
:105A600041FE002001F032FE512001F03BFEFF20FC
:105A700001F02CFE532001F035FE2C2001F026FE13
:105A8000552001F02FFE822001F020FEBDE81040DD
:105A90002C2001F027BE2DE9F05F4FF47044552112
:105AA000204601F035FE651CAA21284601F030FE93
:105AB000A61C5221304601F02BFEE71C0821384677
:105AC00001F026FE4FF204080121404601F020FEBD
:105AD0004FF436433421184601F01AFE34214BF2BC
:105AE000016001F015FE34214BF2026001F010FE5E
:105AF0004FF430490D21484601F00AFE4BF2010AED
:105B00000D21504601F004FE4BF2020B0D215846C8
:105B100001F0FEFD24214FF4374001F0F9FD24216E
:105B20004BF2017001F0F4FD24214BF2027001F000
:105B3000EFFD0D214FF4314001F0EAFD0D214BF254
:105B4000011001F0E5FD0D214BF2021001F0E0FD26
:105B500024214FF4384001F0DBFD24214BF60100F5
:105B600001F0D6FD24214BF6020001F0D1FD002109
:105B70004FF4324001F0CCFD24214FF4394001F0C4
:105B8000C7FD24214BF6011001F0C2FD24214BF684
:105B9000021001F0BDFD05214FF4334001F0B8FDC6
:105BA00005214BF2013001F0B3FD05214BF202302B
:105BB00001F0AEFD34214FF43A4001F0A9FD34214B
:105BC0004BF6012001F0A4FD34214BF6022001F038
:105BD0009FFD0B214FF4354001F09AFD0B214BF254
:105BE000015001F095FD0B214BF2025001F090FDA8
:105BF00000214FF43C4001F08BFDA3214BF6014006
:105C000001F086FD00214BF6024001F081FD0021EC
:105C10004FF43D4001F07CFDA3214BF6015001F013
:105C200077FD00214BF6025001F072FD00214FF488
:105C30003E4001F06DFD37214BF6016001F068FD3B
:105C400000214FF4514001F063FD37214DF2011066
:105C500001F05EFD00214DF2021001F059FD5321CB
:105C60004DF2031001F054FD00214DF2041001F03B
:105C70004FFD79214DF2051001F04AFD00214DF252
:105C8000061001F045FD97214DF2071001F040FD8F
:105C900000214DF2081001F03BFDB1214DF2091039
:105CA00001F036FD00214DF20A1001F031FDD52141
:105CB0004DF20B1001F02CFD00214DF20C1001F003
:105CC00027FDF4214DF20D1001F022FD01214DF2CE
:105CD0000E1001F01DFD23214DF20F1001F018FDF3
:105CE00001214DF2101001F013FD49214DF2111068
:105CF00001F00EFD01214DF2121001F009FD872186
:105D00004DF2131001F004FD01214DF2141001F0C9
:105D1000FFFCB6214DF2151001F0FAFC02214DF204
:105D2000161001F0F5FC00214DF2171001F0F0FC07
:105D300002214DF2181001F0EBFC3B214DF219103D
:105D400001F0E6FC02214DF21A1001F0E1FC3D21C8
:105D50004DF21B1001F0DCFC02214DF21C1001F091
:105D6000D7FC75214DF21D1001F0D2FC02214DF23D
:105D70001E1001F0CDFCB1214DF21F1001F0C8FC46
:105D800002214DF2201001F0C3FCD5214DF221106B
:105D900001F0BEFC03214DF2221001F0B9FC0921F3
:105DA0004DF2231001F0B4FC03214DF2241001F058
:105DB000AFFC28214DF2251001F0AAFC03214DF281
:105DC000261001F0A5FC52214DF2271001F0A0FC95
:105DD00003214DF2281001F09BFC6B214DF229109C
:105DE00001F096FC03214DF22A1001F091FC8D2167
:105DF0004DF22B1001F08CFC03214DF22C1001F020
:105E000087FCA2214DF22D1001F082FC03214DF2FE
:105E10002E1001F07DFCBB214DF22F1001F078FC1B
:105E200003214DF2301001F073FCC1214DF231100D
:105E300001F06EFC03214DF2321001F069FCC1212A
:105E40004DF2331001F064FC00214FF4524001F098
:105E50005FFC37214DF2012001F05AFC00214DF288
:105E6000022001F055FC53214DF2032001F050FCBB
:105E700000214DF2042001F04BFC79214DF2052068
:105E800001F046FC00214DF2062001F041FC972173
:105E90004DF2072001F03CFC00214DF2082001F0FA
:105EA00037FCB1214DF2092001F032FC00214DF206
:105EB0000A2001F02DFCD5214DF20B2001F028FC29
:105EC00000214DF20C2001F023FCF4214DF20D20B5
:105ED00001F01EFC01214DF20E2001F019FC2321DE
:105EE0004DF20F2001F014FC01214DF2102001F0C1
:105EF0000FFC49214DF2112001F00AFC01214DF265
:105F0000122001F005FC87214DF2132001F000FC66
:105F100001214DF2142001F0FBFBB6214DF21520BA
:105F200001F0F6FB02214DF2162001F0F1FB0021F9
:105F30004DF2172001F0ECFB02214DF2182001F088
:105F4000E7FB3B214DF2192001F0E2FB02214DF26B
:105F50001A2001F0DDFB3D214DF21B2001F0D8FBA2
:105F600002214DF21C2001F0D3FB75214DF21D20C2
:105F700001F0CEFB02214DF21E2001F0C9FBB12140
:105F80004DF21F2001F0C4FB02214DF2202001F050
:105F9000BFFBD5214DF2212001F0BAFB03214DF2C8
:105FA000222001F0B5FB09214DF2232001F0B0FBC6
:105FB00003214DF2242001F0ABFB28214DF22520D6
:105FC00001F0A6FB03214DF2262001F0A1FB522196
:105FD0004DF2272001F09CFB03214DF2282001F017
:105FE00097FB6B214DF2292001F092FB03214DF22A
:105FF0002A2001F08DFB8D214DF22B2001F088FB32
:1060000003214DF22C2001F083FBA2214DF22D2023
:1060100001F07EFB03214DF22E2001F079FBBB2124
:106020004DF22F2001F074FB03214DF2302001F0DE
:106030006FFBC1214DF2312001F06AFB03214DF2CB
:10604000322001F065FBC1214DF2332001F060FBED
:1060500000214FF4534001F05BFB37214DF201303A
:1060600001F056FB00214DF2023001F051FB5321AB
:106070004DF2033001F04CFB00214DF2043001F0F1
:1060800047FB79214DF2053001F042FB00214DF232
:10609000063001F03DFB97214DF2073001F038FB4F
:1060A00000214DF2083001F033FBB1214DF20930EF
:1060B00001F02EFB00214DF20A3001F029FBD52121
:1060C0004DF20B3001F024FB00214DF20C3001F0B9
:1060D0001FFBF4214DF20D3001F01AFB01214DF2AE
:1060E0000E3001F015FB23214DF20F3001F010FBB3
:1060F00001214DF2103001F00BFB49214DF211301E
:1061000001F006FB01214DF2123001F001FB872165
:106110004DF2133001F0FCFA01214DF2143001F080
:10612000F7FAB6214DF2153001F0F2FA02214DF2E4
:10613000163001F0EDFA00214DF2173001F0E8FAC7
:1061400002214DF2183001F0E3FA3B214DF21930F3
:1061500001F0DEFA02214DF21A3001F0D9FA3D21A8
:106160004DF21B3001F0D4FA02214DF21C3001F047
:10617000CFFA75214DF21D3001F0CAFA02214DF21D
:106180001E3001F0C5FAB1214DF21F3001F0C0FA06
:1061900002214DF2203001F0BBFAD5214DF2213021
:1061A00001F0B6FA03214DF2223001F0B1FA0921D3
:1061B0004DF2233001F0ACFA03214DF2243001F00E
:1061C000A7FA28214DF2253001F0A2FA03214DF261
:1061D000263001F09DFA52214DF2273001F098FA55
:1061E00003214DF2283001F093FA6B214DF2293052
:1061F00001F08EFA03214DF22A3001F089FA8D2147
:106200004DF22B3001F084FA03214DF22C3001F0D5
:106210007FFAA2214DF22D3001F07AFA03214DF2DE
:106220002E3001F075FABB214DF22F3001F070FADB
:1062300003214DF2303001F06BFAC1214DF23130C3
:1062400001F066FA03214DF2323001F061FAC1210A
:106250004DF2333001F05CFA00214FF4544001F06C
:1062600057FA37214DF2014001F052FA00214DF268
:10627000024001F04DFA53214DF2034001F048FA7B
:1062800000214DF2044001F043FA79214DF205401E
:1062900001F03EFA00214DF2064001F039FA972153
:1062A0004DF2074001F034FA00214DF2084001F0B0
:1062B0002FFAB1214DF2094001F02AFA00214DF2E6
:1062C0000A4001F025FAD5214DF20B4001F020FAE9
:1062D00000214DF20C4001F01BFAF4214DF20D406B
:1062E00001F016FA01214DF20E4001F011FA2321BE
:1062F0004DF20F4001F00CFA01214DF2104001F077
:1063000007FA49214DF2114001F002FA01214DF244
:10631000124001F0FDF987214DF2134001F0F8F928
:1063200001214DF2144001F0F3F9B6214DF2154070
:1063300001F0EEF902214DF2164001F0E9F90021D9
:106340004DF2174001F0E4F902214DF2184001F03E
:10635000DFF93B214DF2194001F0DAF902214DF24B
:106360001A4001F0D5F93D214DF21B4001F0D0F962
:1063700002214DF21C4001F0CBF975214DF21D4078
:1063800001F0C6F902214DF21E4001F0C1F9B12120
:106390004DF21F4001F0BCF902214DF2204001F006
:1063A000B7F9D5214DF2214001F0B2F903214DF2A8
:1063B000224001F0ADF909214DF2234001F0A8F986
:1063C00003214DF2244001F0A3F928214DF225408C
:1063D00001F09EF903214DF2264001F099F9522176
:1063E0004DF2274001F094F903214DF2284001F0CD
:1063F0008FF96B214DF2294001F08AF903214DF20A
:106400002A4001F085F98D214DF22B4001F080F9F1
:1064100003214DF22C4001F07BF9A2214DF22D40D9
:1064200001F076F903214DF22E4001F071F9BB2104
:106430004DF22F4001F06CF903214DF2304001F094
:1064400067F9C1214DF2314001F062F903214DF2AB
:10645000324001F05DF9C1214DF2334001F058F9AD
:1064600000214FF4554001F053F937214DF201500E
:1064700001F04EF900214DF2025001F049F953218B
:106480004DF2035001F044F900214DF2045001F0A7
:106490003FF979214DF2055001F03AF900214DF212
:1064A000065001F035F997214DF2075001F030F90F
:1064B00000214DF2085001F02BF9B1214DF20950A5
:1064C00001F026F900214DF20A5001F021F9D52101
:1064D0004DF20B5001F01CF900214DF20C5001F06F
:1064E00017F9F4214DF20D5001F012F901214DF28E
:1064F0000E5001F00DF923214DF20F5001F008F973
:1065000001214DF2105001F003F949214DF21150D3
:1065100001F0FEF801214DF2125001F0F9F8872147
:106520004DF2135001F0F4F801214DF2145001F036
:10653000EFF8B6214DF2155001F0EAF802214DF2C4
:10654000165001F0E5F800214DF2175001F0E0F887
:1065500002214DF2185001F0DBF83B214DF21950A9
:1065600001F0D6F802214DF21A5001F0D1F83D2188
:106570004DF21B5001F0CCF802214DF21C5001F0FD
:10658000C7F875214DF21D5001F0C2F802214DF2FD
:106590001E5001F0BDF8B1214DF21F5001F0B8F8C6
:1065A00002214DF2205001F0B3F8D5214DF22150D7
:1065B00001F0AEF803214DF2225001F0A9F80921B3
:1065C0004DF2235001F0A4F803214DF2245001F0C4
:1065D0009FF828214DF2255001F09AF803214DF241
:1065E000265001F095F852214DF2275001F090F815
:1065F00003214DF2285001F08BF86B214DF2295008
:1066000001F086F803214DF22A5001F081F88D2126
:106610004DF22B5001F07CF803214DF22C5001F08B
:1066200077F8A2214DF22D5001F072F803214DF2BE
:106630002E5001F06DF8BB214DF22F5001F068F89B
:1066400003214DF2305001F063F8C1214DF2315079
:1066500001F05EF803214DF2325001F059F8C121EA
:106660004DF2335001F054F800214FF4564001F040
:106670004FF837214DF2016001F04AF800214DF248
:10668000026001F045F853214DF2036001F040F83B
:1066900000214DF2046001F03BF879214DF20560D4
:1066A00001F036F800214DF2066001F031F8972133
:1066B0004DF2076001F02CF800214DF2086001F066
:1066C00027F8B1214DF2096001F022F800214DF2C6
:1066D0000A6001F01DF8D5214DF20B6001F018F8A9
:1066E00000214DF20C6001F013F8F4214DF20D6021
:1066F00001F00EF801214DF20E6001F009F823219E
:106700004DF20F6001F004F801214DF2106000F02D
:10671000FFFF49214DF2116000F0FAFF01214DF217
:10672000126000F0F5FF87214DF2136000F0F0FFDA
:1067300001214DF2146000F0EBFFB6214DF215601F
:1067400000F0E6FF02214DF2166000F0E1FF0021AB
:106750004DF2176000F0DCFF02214DF2186000F0EE
:10676000D7FF3B214DF2196000F0D2FF02214DF21C
:106770001A6000F0CDFF3D214DF21B6000F0C8FF14
:1067800002214DF21C6000F0C3FF75214DF21D6027
:1067900000F0BEFF02214DF21E6000F0B9FFB121F2
:1067A0004DF21F6000F0B4FF02214DF2206000F0B6
:1067B000AFFFD5214DF2216000F0AAFF03214DF279
:1067C000226000F0A5FF09214DF2236000F0A0FF38
:1067D00003214DF2246000F09BFF28214DF225603B
:1067E00000F096FF03214DF2266000F091FF522148
:1067F0004DF2276000F08CFF03214DF2286000F07D
:1068000087FF6B214DF2296000F082FF03214DF2DA
:106810002A6000F07DFF8D214DF22B6000F078FFA3
:1068200003214DF22C6000F073FFA2214DF22D6088
:1068300000F06EFF03214DF22E6000F069FFBB21D6
:106840004DF22F6000F064FF03214DF2306000F044
:106850005FFFC1214DF2316000F05AFF03214DF27C
:10686000326000F055FFC1214DF2336000F050FF5F
:106870005521204600F04CFFAA21284600F048FF91
:106880005221304600F044FF0821384600F040FF16
:106890000021404600F03CFF0021484600F038FF50
:1068A0000521504600F034FF0221584600F030FF29
:1068B00005214BF2030000F02BFF02214BF20400F4
:1068C00000F026FF0821184600F022FF50214FF467
:1068D000354000F01DFF0521184600F019FF00218A
:1068E0004FF4374000F014FF00214BF2017000F02C
:1068F0000FFF01214FF4384000F00AFF05214BF64D
:10690000010000F005FF05214BF6020000F000FF3A
:1069100005214BF6030000F0FBFE02214FF43C4042
:1069200000F0F6FE00214BF6014000F0F1FE0021E0
:106930004BF6024000F0ECFE03214FF44C4000F017
:10694000E7FE00214CF6014000F0E2FE00214CF68B
:10695000024000F0DDFE01214FF43D4000F0D8FE82
:1069600084214BF6015000F0D3FE07214BF6025074
:1069700000F0CEFE31214BF6035000F0C9FE00219D
:106980004BF6045000F0C4FE01214FF43A4000F0F1
:10699000BFFEAA214FF47F4000F0BAFE55214FF60A
:1069A000017000F0B5FE25214FF6027000F0B0FE38
:1069B00001214FF6037000F0ABFE40214FF4585018
:1069C00000F0A6FE00214FF4545000F0A1FE052176
:1069D0004FF4685000F09CFE4FF4885000F082FEA7
:1069E0007820FDF75FFD4FF4245000F07BFE0A2075
:1069F000FDF758FDBDE8F05F4FF4305000F072BE77
:106A000010B5E22000F06EFE1D2000F05FFE0220B7
:106A100000F05CFE042000F059FE6420FDF748FD04
:106A2000E02000F05FFE012000F050FE0A20FDF79C
:106A300039FDE02000F056FE032000F047FE0C2058
:106A4000FDF730FD012000F04DFE0A20FDF72AFD84
:106A5000E62000F047FE2F2000F038FEFF2000F077
:106A600035FEFF2000F032FEB02000F03BFE20207B
:106A700000F02CFE002000F029FE032000F026FE8E
:106A800040F21F3000F022FE012000F01FFE40F215
:106A9000DF1000F01BFE002000F018FEB42000F014
:106AA00021FE042000F012FE40F21F4000F00EFE16
:106AB000002000F00BFE2E2000F008FE002000F069
:106AC00005FE002000F002FE002000F0FFFD002087
:106AD00000F0FCFDB62000F005FE022000F0F6FDFF
:106AE0004FF4037000F0F2FD002000F0EFFD1720DE
:106AF00000F0ECFD152000F0E9FD002000F0E6FDBF
:106B0000002000F0E3FDF02000F0ECFD032000F099
:106B1000DDFD292000F0E6FDD02000F0E3FD00209F
:106B200000F0D4FDBE2000F0DDFD052000F0CEFD1C
:106B3000FE2000F0CBFD012000F0C8FD002000F099
:106B4000C5FD002000F0C2FD002000F0BFFDB82010
:106B500000F0C8FD032000F0B9FD012000F0B6FDF3
:106B6000BA2000F0BFFDBDE81040012000F0AEBD2E
:106B700010B5112000F0B6FD7820FDF793FC36200B
:106B800000F0B0FD002000F0A1FD3A2000F0AAFDC9
:106B9000052000F09BFDB22000F0A4FD0C2000F0C9
:106BA00095FD0C2000F092FD002000F08FFD3320B9
:106BB00000F08CFD332000F089FDB72000F092FD3D
:106BC000352000F083FDBB2000F08CFD322000F06A
:106BD0007DFDC02000F086FD0C2000F077FDC22076
:106BE00000F080FD012000F071FDC32000F07AFD6F
:106BF000102000F06BFDC42000F074FD202000F098
:106C000065FDC62000F06EFD0F2000F05FFDD02076
:106C100000F068FDA42000F059FDA12000F056FD11
:106C2000E02000F05FFDD02000F050FD002000F0DB
:106C30004DFD022000F04AFD072000F047FD0A202C
:106C400000F044FD282000F041FD322000F03EFD20
:106C5000442000F03BFD422000F038FD062000F00B
:106C600035FD0E2000F032FD122000F02FFD142023
:106C700000F02CFD172000F029FDE12000F032FD8E
:106C8000D02000F023FD002000F020FD022000F0C5
:106C90001DFD072000F01AFD0A2000F017FD282036
:106CA00000F014FD312000F011FD542000F00EFD25
:106CB000472000F00BFD0E2000F008FD1C2000F026
:106CC00005FD172000F002FD1B2000F0FFFC1E2038
:106CD00000F0FCFC2A2000F005FD002000F0F6FC8E
:106CE000002000F0F3FC002000F0F0FCEF2000F0AA
:106CF000EDFC2B2000F0F6FC002000F0E7FC00206B
:106D000000F0E4FC012000F0E1FC3F2000F0DEFC9C
:106D1000BDE81040292000F0E5BC10B5112000F0BE
:106D2000E1FC7820FDF7BEFB362000F0DBFC4820BC
:106D300000F0CCFC3A2000F0D5FC552000F0C6FC59
:106D4000F02000F0CFFCC32000F0C0FCF02000F0E9
:106D5000C9FC962000F0BAFCB42000F0C3FC01206E
:106D600000F0B4FCB62000F0BDFC0A2000F0AEFC40
:106D7000A22000F0ABFCB72000F0B4FCC62000F06D
:106D8000A5FCB92000F0AEFC022000F09FFCE02042
:106D900000F09CFCC02000F0A5FC802000F096FCD8
:106DA000162000F093FCC12000F09CFC192000F09C
:106DB0008DFCC22000F096FCA72000F087FCC520C7
:106DC00000F090FC162000F081FCE82000F08AFC26
:106DD000402000F07BFC8A2000F078FC002000F0CE
:106DE00075FC002000F072FC292000F06FFC1920D7
:106DF00000F06CFCA52000F069FC332000F066FC7C
:106E0000E02000F06FFCF02000F060FC072000F0B4
:106E10005DFC0D2000F05AFC042000F057FC05201A
:106E200000F054FC142000F051FC362000F04EFC21
:106E3000542000F04BFC4C2000F048FC382000F0BF
:106E400045FC132000F042FC142000F03FFC2E20F3
:106E500000F03CFC342000F039FCE12000F042FC62
:106E6000F02000F033FC102000F030FC142000F083
:106E70002DFC0E2000F02AFC0C2000F027FC08203E
:106E800000F024FC352000F021FC442000F01EFC22
:106E90004C2000F01BFC262000F018FC102000F015
:106EA00015FC122000F012FC2C2000F00FFC322008
:106EB00000F00CFCF02000F015FC3C2000F006FC7B
:106EC000F02000F00FFC692000F000FC7820FDF7B6
:106ED000E9FA212000F006FCBDE81040292000F06E
:106EE00001BC00002DE9F0438146A2EB090207989E
:106EF000521C1F4695B20C4686B24FF0D84811E09E
:106F00002146484600F0A6FA00F0F8FB0020414672
:106F100004E000BFA1F88060401C80B2A842F9D311
:106F2000641CA4B2BC42EBD9BDE8F0832DE9F04F5C
:106F3000D64895B00024016841F040010160016825
:106F400001F040010C91016841F008010160016805
:106F500001F008010C91016841F00801016001682D
:106F600001F008010C91016841F020010160016805
:106F700001F020010C91016841F0020101600068FC
:106F80004FF4805600F002000C900220CDE907601B
:106F90000120099002200A900C200B9007A9BC4800
:106FA000F9F7D2FF2020079007A9BA48F9F7CCFFDC
:106FB0001020079007A9B748F9F7C6FF07A9B648F8
:106FC0000796F9F7C1FFF00007900120089007A984
:106FD000B248F9F7B9FFB24D4FF020406A46286039
:106FE000B04868600620C5E902041020C5E9050420
:106FF000EC61C5E909468002C5E90B406C630F20CE
:10700000AC63CDE90E043C20109009201494CDE926
:10701000000402900EA906942846FAF725FF3220B4
:10702000FDF740FAD32000F05DFB00F043F905F1D5
:107030005004A08000F03EF92146888000F03AF923
:107040004FF6FF7101EA00202146888000F032F9F6
:10705000214649F24137898847F28976084321461B
:1070600045F21038888047F2967945F2105B49F670
:10707000060AB8427DD0042000F034FB00F01AF973
:10708000A08000F017F9A08000F014F94FF6FF710E
:1070900001EA0020A08000F00DF9A1880843A0F5C6
:1070A0000541A080523965D0B04262D0D42000F0B2
:1070B00019FB00F0FFF8A08000F0FCF8A08000F0C1
:1070C000F9F84FF6FF7101EA0020A08000F0F2F815
:1070D000A1880843A08040457FD0D32000F002FB68
:1070E00000F0E8F8A08000F0E5F8A08000F0E2F8F9
:1070F0004FF6FF7101EA0020A08000F0DBF8A188C4
:107100000843A080484568D055214FF4704000F0F6
:10711000FFFAAA214FF2010000F0FAFA52214FF2D1
:10712000020000F0F5FA08214FF2030000F0F0FA37
:1071300001214FF2040000F0EBFA4FF4454000F05B
:10714000D1FA00F0B7F84FF6FF7101EA0020A080F5
:107150004CF2015000F0C6FA00F0ACF8A1880843E8
:10716000A0800520FDF79EF9A188594535D0D32090
:1071700001E02CE02CE000F0B5FA00F09BF8A080D4
:1071800000F098F8A08000F095F84FF6FF7101EA42
:107190000020A08000F08EF8A1880843A080504510
:1071A0001BD0A12000F09EFA00F084F8A08000F02F
:1071B00081F84FF6FF7101EA0020A08000F07AF814
:1071C000A1880843A0F5AE41A080613902D004E057
:1071D000A68002E041F66310A080A18832A0FCF7EF
:1071E000CDFCA088B04202D1FFF7C2FC21E0B8423A
:1071F00002D1FDF71EFA1CE0404502D1FDF7D1FC9B
:1072000017E0484502D1FFF788FD12E0584502D14A
:10721000FEF741FC0DE0504502D1FDF721FB08E0EF
:10722000A0F5C851633904D1FFF7EAFB642000F0F0
:1072300025FAA088B04201D1032010E0504503D0C8
:10724000B84201D0584501D1022008E0404505D0A0
:10725000484503D0A0F5C851633908D101200090FA
:107260000290D5E9010269462B6BF9F7ADFD0020CC
:10727000FDF75EF90122D1030848F9F762FF4FF6E6
:10728000FF70FDF73DF915B0BDE8F08F30380240D2
:1072900000180240000C02400014024000040240AA
:1072A000BC000020040100A04C43442049443A257E
:1072B000780D0A0008B50220401EFDD24FF0D840DC
:1072C000B0F88000ADF80000BDF8000008BD000077
:1072D00070B55F4C00232146A279898841F6631678
:1072E000012A01D01AB10CE0B14202D109E0B14249
:1072F00007D1082805D2DFE800F0161812140C197F
:10730000100E082812D2DFE800F0110406080A0C5B
:107310000E1080230AE0402308E0C02306E020236B
:1073200004E0602302E0A02300E0E023362045F2E1
:107330001055A94200D10002A1F51342413A07D0ED
:10734000A1F5EE42893A03D0A1F5EE42963A01D179
:1073500043F00803194600F0DBF9A188B1420AD0D6
:1073600098062088628802D5904202D303E09042BA
:1073700001D9228060806089A94240D100F0B2F931
:10738000002000F0A3F96089401C80B200F0AAF947
:10739000002000F09BF96089801C80B200F0A2F907
:1073A0002088401EC0F30F2000F090F96089C01CB7
:1073B00080B200F097F92078401EC0B200F086F944
:1073C000A08900F08FF9002000F080F9A089401C0E
:1073D00080B200F087F9002000F078F9A089801CC5
:1073E00080B200F07FF96088401EC0F30F2000F0EB
:1073F0006DF9A089C01C80B200F074F921E000F0A2
:1074000071F9002000F062F9002000F05FF9208897
:10741000401EC0F30F2000F059F92078401EC0B282
:1074200000F054F9A08900F05DF9002000F04EF959
:10743000002000F04BF96088401EC0F30F2000F0E0
:1074400045F9A078BDE87040401EC0B200F03EB9DA
:107450000C010020F0B53B4A0D460446060A91880F
:1074600010462F0A4089A1F5C853633B16D0A1F5F9
:10747000AA43103B4CD000F035F9304600F026F915
:10748000E0B200F023F9908900F02CF9384600F0C2
:107490001DF9E8B2BDE8F04000F018B9917931B3B8
:1074A00000F020F9304600F011F9E0B200F00EF9DA
:1074B0001088401EC0F30F2000F008F91078401E1D
:1074C0005FFA80F000F002F9908900F00BF938467D
:1074D00000F0FCF8E8B200F0F9F85088401EC0F364
:1074E0000F2000F0F3F89078401EC0B2D2E7118868
:1074F000091B491E8CB200F0F5F8002000F0E6F8F8
:10750000002000F0E3F8200A00F0E0F8E0B2D9E74C
:1075100000F0E8F8304600F0D9F85089401C80B2FD
:1075200000F0E0F8E0B200F0D1F8908900F0DAF86D
:10753000384600F0CBF89089401C80B200F0D2F8B9
:10754000A7E700000C0100202DE9FF4F1D460C4667
:107550008B46580700D0012000EBD500690810FBCE
:1075600001F0203A00F0FF0AD0B20C2D0AD0102D05
:107570000CD0182D0ED0202D46D1244901EB8016B9
:1075800000203EE000EB4001214806E0214901EBEC
:107590000016F5E700EBC0011F4800EB8106EFE79E
:1075A00016F808704FF00009380601D50E9A03E06E
:1075B0000D9828B91948026821460098FDF72EF861
:1075C0007806070E1648641CA4B24088A0421BD956
:1075D000A4EB0B00A8420AD100985C46401C80B284
:1075E00000900F480188009881420DD906E009F10A
:1075F000010000F0FF09B9F1080FD5D308F101002F
:10760000C0B280465045CBD3BDE8FF8F58A80008D4
:10761000989000080C950008FC9A000800000020D3
:107620000C0100202DE9FC4F044600F0FF09101961
:107630000D46DDE90BB61FFA80F8581987B24FF0F6
:10764000000A13E0444503D305EB0B004C4685B21A
:10765000BD4210D20D985B46CDE900A029462046D8
:10766000FFF772FF04EB5B0084B2761C3278A2F164
:1076700020005E28E6D9BDE8FC8F000010B5024668
:10768000BE2000F02FF8052000F020F81046F8F793
:10769000C7FE9FED0C1B53EC112BF8F74FFEF8F7CC
:1076A000CCFE80B200F012F8012000F00FF8FF20AD
:1076B00000F00CF8002000F009F8BDE810400020B0
:1076C00000F004B8666666666666044001B5BDF8FB
:1076D0000000ADF80000BDF800004FF0D841A1F85F
:1076E000800008BD01B5BDF80000ADF80000BDF890
:1076F00000004FF0D841A1F87E0008BD03484FF0CC
:10770000D8410089A1F87E00704700000C010020DC
:107710004FF0D84222F87E0F51807047F9F724FDD0
:10772000FCF74EF8FAF75EFFFAF7DCFFFAF7EAFF2C
:10773000FBF71AF8FBF734F8FAF7D2FEFAF71AFF5C
:10774000A820FCF7A9FEF9F7AFFB0548054980ED35
:10775000000A00200870FAF7D1FE00F01BF8FEE7DF
:10776000040000202800002001460020842900D0C9
:10777000C81C704710B500B9012000F0FFFC0020C4
:1077800010BD10B501F0D8FA012801D0012010BDBC
:10779000002010BD10B500F08DFD002010BD10B50B
:1077A000FCF7A8FE18B1BDE8104001F0D9BABDE859
:1077B000104001F0CFBA38B5D0E9011204683AB1EF
:1077C000C3682BB100200090204600F0A8FE38BD11
:1077D0002046BDE83840002200F080BE2DE9FF4180
:1077E0000D004FF00006CDE9016507461ED00024CC
:1077F0000396501C1FD002B11446FCF77BFE69466D
:107800004FF01008E8B103AA2846091D01F0F8F866
:10781000012813D000960398E8B114494FF0805026
:107820000860BFF34F8FBFF36F8F14E080203146A5
:107830002A46009011E04FF0FF34DEE7CDF80080DB
:10784000E9E722462846091D01F03EF8012808D044
:1078500054B1402000909DE8070087E80700BDE88C
:10786000FF81CDF80080F6E70020F3E704ED00E0AB
:1078700037B5054682B000200090140000D10124E5
:10788000FCF738FE4FF0000388B16A4603A928468A
:1078900000F06CFF012811D1009890B10A494FF017
:1078A00080500860BFF34F8FBFF36F8F09E022460F
:1078B00003A9284600F0AAFE012802D0FF2005B047
:1078C00030BD0020FBE7000004ED00E041684FF010
:1078D000010009B100F0F5BD00F0E8BD38B50024A5
:1078E00005460094FCF706FE90B16946284600F074
:1078F0009CFF012801D0FF2038BD009888B10A49BB
:107900004FF080500860BFF34F8FBFF36F8F08E0D8
:1079100000231A461946284600F078FE012800D0B8
:10792000FF24204638BD000004ED00E038B5050016
:107930004FF0000000900FD00024481C0ED001B181
:107940000C46FCF7D7FDB8B16A460021284601F085
:1079500057F8012816D104E0802038BD4FF0FF34DD
:10796000EFE7009880B109494FF080500860BFF3FD
:107970004F8FBFF36F8F07E02146284601F08EF846
:10798000012801D0FF2038BD002038BD04ED00E003
:107990007FB50D4604464169B0F9080081B1A1697F
:1079A00071B1FFF7E1FED4E905128DE80700D4E9D3
:1079B00000102B46226901F094F9039004B070BDC9
:1079C000FFF7D2FE03A9CDE90001208A2B4682B23F
:1079D000D4E9001001F058F9012801D00020EDE7AA
:1079E0000398EBE72DE9F041184C0F460546E66891
:1079F0002068001D00F0D0FA38B9206890F82C10EB
:107A000001208840216981432161681C07D137B179
:107A10002168BDE8F0410E48091D00F001BB206857
:107A20003544B5424560216805D2A06BBDE8F04100
:107A3000091D00F0DDBA606B091D00F0D9FAA06ADB
:107A4000854200D2A562BDE8F08100004C00002014
:107A5000500600202DE9F041054600F0EDFA2E4CCD
:107A6000A068401CA06020682C4F10B1606940B332
:107A70002DE02560A068012829D1002606EB8600AC
:107A800007EB800000F0A6FA761C072EF6D32348F9
:107A90008C3000F09FFA2148A03000F09BFA1F487C
:107AA000B43000F097FA1D48C83000F093FA1B4834
:107AB000DC3000F08FFA19488C3060631430A0631A
:107AC00005E02068E96AC06A884200D82560606ADB
:107AD000401C6062E96A01202269884010432061ED
:107AE00001EB810007EB8000291D00F099FA00F0FE
:107AF000C3FA606900280CD02068E96AC06A88422D
:107B000007D207494FF080500860BFF34F8FBFF393
:107B10006F8FBDE8F08100004C000020740500204C
:107B200004ED00E030B4026C0B46002A0BD0C168B3
:107B30001144C1608468A14201D30168C16030BCB6
:107B40001846F8F7D0BB30BC70472DE9F041856B83
:107B5000174604460026026C82B1C7B1E068F8F708
:107B6000C2FBE168206C091AE1602268914202D2EE
:107B7000A168081AE060022F16D017E02068A8B9A3
:107B8000A06801F05BF906460020A0600EE0606886
:107B9000F8F7A9FB216C606808446060A16888421E
:107BA00004D32068606001E005B16D1E6D1CA56303
:107BB0003046BDE8F08110B5044690F8510058B148
:107BC00001280CD002280FD0502080F31188BFF379
:107BD0004F8FBFF36F8FFEE7206B00F061FA2046F6
:107BE000BDE8104000F05CBA10BD000010484FF432
:107BF0007051420706D0C01D0D4920F00700411A00
:107C0000C1F570510B4A00230144C2E90003083951
:107C1000183A21F0070111604B600B600B1AC0E9A4
:107C2000001393604FF000405360506170470000B4
:107C300064060020A0000020144E154CA6F1C807D1
:107C40004FF08058DFF84C9012E000BF00F0F4F9DC
:107C5000F068C568281D00F09FF9A068401EA0606C
:107C60006068401E606000F007FA2846FFF7A3FF37
:107C700060680028EAD138680128F9D9C9F800807D
:107C8000BFF34F8FBFF36F8FF2E700003C06002079
:107C90004C00002004ED00E0002807D000218160A6
:107CA00001600B460A46C16000F0B0BC7047034655
:107CB000009829B10260C0E90F31012100F062BCD7
:107CC0000060F8E72DE9F0479A46DDE9098481462E
:107CD0006FF00303206B03EB82021044089E20F038
:107CE0000707780707D0502080F31188BFF34F8F24
:107CF000BFF36F8FFEE7002561B1002023180A5CF7
:107D000083F834200A5C12B1401C1028F6D384F8A2
:107D1000435001E084F83450072E00D30626E66273
:107D2000C4E91165201D00F060F904F1180000F0AD
:107D30005CF92461C6F107006462A061E56484F81F
:107D4000505052464946384600F010F92060B8F1CC
:107D5000000F01D0C8F80040BDE8F08730B51149E8
:107D600000E011460A688242FBD34B685C188442EB
:107D700003D1406818444860084643681C18944280
:107D800009D1084C183C2468A24209D052681A4410
:107D900042600A6812680260814200D0086030BD0B
:107DA0000460F9E7A000002010B5044600F044F993
:107DB000A06B28B15FF0000400F05EF9204610BD12
:107DC0000124F9E70648416B096829B1416BC9688C
:107DD000C9684968816270474FF0FF31FAE70000D7
:107DE0004C00002008484068401C4FF0500080F3D1
:107DF000118804D0BFF34F8FBFF36F8FFEE7BFF33F
:107E00004F8FBFF36F8FFEE7A80000202DE9F041F0
:107E1000044600F011F994F9455004F1240609E0F4
:107E2000606A48B1304601F09BF808B100F0D4F91F
:107E30006D1E6DB2002DF3DC4FF0FF3684F8456007
:107E400000F01AF900F0F8F894F9445004F1100722
:107E500009E0206948B1384601F082F808B100F025
:107E6000BBF96D1E6DB2002DF3DC84F84460BDE8F3
:107E7000F04100F001B900002DE9F041054600276E
:107E800000F04EFA324E306808B9FFF7AFFE706965
:107E900005424ED1C5B3083568070ED005F007007E
:107EA000C0F108000544680707D0502080F311880E
:107EB000BFF34F8FBFF36F8FFEE72DB3706885421E
:107EC00037D82348183001460C6801E020460C469C
:107ED0006168A94202D221680029F7D131688C4239
:107EE00027D007682168016060680837411B1029A6
:107EF0000FD96019420708D0502080F31188BFF3D2
:107F00004F8FBFF36F8FFEE713E041606560FFF7AF
:107F100025FF61687068401A7060B268904200D2B4
:107F2000B060706901430020C4E90001F068401CA2
:107F3000F06001F04FF8780707D0502080F31188E7
:107F4000BFF34F8FBFF36F8FFEE73846BDE8F08178
:107F5000880000200449086818B10868826C521C27
:107F600082640868704700004C00002010B5031FB1
:107F70004FF080741C601B1F21F001011960191F54
:107F8000044B0B6014390A60091F6FF00202443879
:107F90000A6010BDE57D0008D0E9013201699A60F0
:107FA000D0E901235A604A68824201D182684A605E
:107FB000002202610868401E0860086870470000DF
:107FC000034B036003F15400086080201060704789
:107FD0005801002000F108014FF0FF32C0E9011202
:107FE000C16001610021016070470021016170479B
:107FF00030B50B685A1C02D000F1080202E0026999
:1080000004E02246546825689D42FAD953684B60C3
:1080100099608A60516008610168491C016030BD47
:1080200042684A6093688B60936859609160086108
:108030000168491C01607047502080F31188BFF32C
:108040004F8FBFF36F8F0A494868401C4860012872
:108050000CD10848006810F0FF0F07D0502080F3C3
:108060001188BFF34F8FBFF36F8FFEE7704700009B
:10807000A800002004ED00E00849486828B1401E2F
:10808000486001D180F311887047502080F3118837
:10809000BFF34F8FBFF36F8FFEE70000A8000020F3
:1080A00070B500282AD0164DA0F1080460686969EF
:1080B000084207D1502080F31188BFF34F8FBFF3E0
:1080C0006F8FFEE722683AB1502080F31188BFF32A
:1080D0004F8FBFF36F8FFEE78843606000F020F999
:1080E00060686968084468602046FFF737FE2869C1
:1080F000401C2861BDE8704000F06CBF70BD0000FE
:10810000880000204FF0E0200021016181610549D5
:108110004FF47A720968B1FBF2F1491E41610721FF
:10812000016170474800002010B5F8F795F8114933
:1081300010280ED300F1E02090F8F0030A78904266
:1081400007D2502080F31188BFF34F8FBFF36F8F9A
:10815000FEE709480068896800F4E060884207D9B2
:10816000502080F31188BFF34F8FBFF36F8FFEE76E
:1081700010BD0000A80000200CED00E010B50200CA
:1081800014D00F48006B38B1502080F31188BFF332
:108190004F8FBFF36F8FFEE700F0C2F8002110464B
:1081A000FFF720FC00F016FF002807D105494FF02B
:1081B00080500860BFF34F8FBFF36F8F10BD00007A
:1081C0004C00002004ED00E002490A6A0260C96820
:1081D000416070474C00002001490120C861704790
:1081E0004C00002010B50C4650B1094909681831FF
:1081F000FFF7FEFE2046BDE810400121FFF7F2BB6D
:10820000502080F31188BFF34F8FBFF36F8FFEE7CD
:108210004C00002070B5040047D0A26CA2B1606C85
:10822000884200D30146E06A88423ED0012A3CD110
:108230001E4D2A6894420FD1502080F31188BFF35D
:108240004F8FBFF36F8FFEE7502080F31188BFF38D
:108250004F8FBFF36F8FFEE7E162A269002A02DB56
:10826000C1F10701A161124E00EB8000616906EBCC
:108270008000814219D1201DFFF78EFE012130B907
:1082800094F82C002A6901FA00F082432A61E06A1E
:108290002A6981401143296100EB800006EB8000D0
:1082A000211DBDE87040FFF7BBBE70BD4C00002033
:1082B0007405002010B586B00024039405AA04A913
:1082C00003A80494FFF77CFEDDE903010094CDE9E7
:1082D000011000230EA11048059A00F002FD0F497D
:1082E0000028C86211D0502080F31188BFF34F8F4F
:1082F000BFF36F8F4FF0FF30886201204861CC6080
:1083000006B0BDE8104000F041B806B010BD000056
:1083100049444C4500000000397C00084C00002016
:108320000248016B491C0163704700004C000020AB
:108330001448016B11B10121C16170470021C16175
:108340000169B1FA81F1C1F11F0101EB81020E490E
:1083500051F822306BB101EB820101F108034A6848
:1083600052684A609A4201D152684A60D1680160FD
:108370007047502080F31188BFF34F8FBFF36F8F8A
:10838000FEE700004C000020740500201CB53748B3
:108390000168374A914207D1502080F31188BFF31A
:1083A0004F8FBFF36F8FFEE700683149491E884247
:1083B00007D1502080F31188BFF34F8FBFF36F8F29
:1083C000FEE72C4908780190FF20087008788DF8A6
:1083D00000009DF800009DF8002000F0F0009042A1
:1083E00007D0502080F31188BFF34F8FBFF36F8FFA
:1083F000FEE79DF80000204C00F0500020700720A0
:10840000A06005E09DF8002052008DF80020401E7D
:108410009DF800201206F5D4A060032807D0502054
:1084200080F31188BFF34F8FBFF36F8FFEE74FF4D8
:108430004070A060019808700C482030016841F439
:1084400070010160016841F070410160FFF75AFE60
:1084500000206060F7F7C8FE0848016841F040411D
:108460000160F7F7ADFE00201CBD000000ED00E04C
:1084700071C20F4100E400E0A800002034EF00E0EA
:1084800010B5502080F31188BFF34F8FBFF36F8F6B
:1084900000F06EFC18B104494FF0805008600020D5
:1084A00080F3118810BD000004ED00E010B5024615
:1084B0000021012000F012F80446FFF7EDFB2046F2
:1084C00010BD38B50B46002200901146012000F087
:1084D00026F80446FFF7E0FB204638BDF8B51746FE
:1084E0000E46050013D005FB06F04830FFF7C4FC2C
:1084F00004000AD0002084F8460004F148023B46FC
:10850000314628460094FFF7D2FB2046F8BD5020A4
:1085100080F31188BFF34F8FBFF36F8FFEE738B53D
:10852000049D18B153B1CAB181B120E0502080F34D
:108530001188BFF34F8FBFF36F8FFEE7502080F39A
:108540001188BFF34F8FBFF36F8FFEE7502080F38A
:108550001188BFF34F8FBFF36F8FFEE739B1502003
:1085600080F31188BFF34F8FBFF36F8FFEE748246E
:108570001C46012384F846302B460094FFF797FBF6
:10858000204638BD70B50D46040025D0FFF754FDD8
:10859000D4E90F20216802FB0011A1600021A16332
:1085A000216861600A46D4E90F01401E00FB0121E9
:1085B000E16021464FF0FF3001F8440F487004F1AC
:1085C00010008DB1FFF706FD04F12400FFF702FD56
:1085D000FFF752FD012070BD502080F31188BFF3DA
:1085E0004F8FBFF36F8FFEE721690029F0D000F0B5
:1085F000B7FC0028ECD004494FF080500860BFF36E
:108600004F8FBFF36F8FE3E704ED00E02DE9FF47E5
:1086100082B01D468A464FF00008040003D0BAF12C
:10862000000F08D011E0502080F31188BFF34F8F66
:10863000BFF36F8FFEE7206C38B1502080F31188B4
:10864000BFF34F8FBFF36F8FFEE7022D0AD1E06BB0
:10865000012807D0502080F31188BFF34F8FBFF35C
:108660006F8FFEE700F068FB3F4F4FF000094FF0BF
:10867000805648B9049838B1502080F31188BFF370
:108680004F8FBFF36F8FFEE7FFF7D6FCA06BE16B58
:10869000884207D3022D05D00498D0B1B8F1000F5D
:1086A0001AD01EE02A4651462046FFF74EFA616A6C
:1086B00019B104F1240000F053FC20B13E60BFF377
:1086C0004F8FBFF36F8FFFF7D7FC012006B0BDE8D7
:1086D000F087FFF7D1FC22E06846FFF775FD4FF009
:1086E0000108FFF7C9FCFFF71BFEFFF7A5FC94F993
:1086F0004400401C01D184F8449094F94500401C8A
:1087000001D184F84590FFF7B7FC04A9684600F052
:1087100081FA30B12046FFF779FB00F05BFC0020C6
:10872000D4E7FFF789FCA06BE16B884213D1FFF718
:10873000A3FC04F110000499FFF754FD2046FFF755
:1087400065FB00F047FC00289ED13E60BFF34F8FD1
:10875000BFF36F8F98E7FFF78FFC2046FFF756FBBC
:1087600000F038FC90E7000004ED00E02DE9F04750
:108770001F4690468946040003D0B9F1000F08D087
:1087800011E0502080F31188BFF34F8FBFF36F8F3C
:10879000FEE7206C38B1502080F31188BFF34F8F73
:1087A000BFF36F8FFEE7022F0AD1E06B012807D0DD
:1087B000502080F31188BFF34F8FBFF36F8FFEE718
:1087C000FFF7B2FC5020EFF3118680F31188BFF35E
:1087D0004F8FBFF36F8FA06BE16B884206D3022FE0
:1087E00004D0002086F31188BDE8F08794F9455045
:1087F000A06B3A4649462046FFF7A7F9681C04D00B
:108800006D1C84F845500120ECE7606A0028FAD01E
:1088100004F1240000F0A4FB0028F4D0B8F1000F0C
:10882000F1D00121C8F80010EDE770B50E46040044
:1088300009D0206C78B1502080F31188BFF34F8F9E
:10884000BFF36F8FFEE7502080F31188BFF34F8F87
:10885000BFF36F8FFEE7206848B9A06838B1502099
:1088600080F31188BFF34F8FBFF36F8FFEE7FFF7E1
:108870005BFC5020EFF3118580F31188BFF34F8F1D
:10888000BFF36F8FA16BE06B884218D994F9450054
:10889000491CA163411C04D0401C84F84500012000
:1088A0000EE0606A0028FAD004F1240000F058FBC2
:1088B0000028F4D0002EF2D001203060EFE7002035
:1088C00085F3118870BD00002DE9F747002683B0BD
:1088D0008A46040003D0BAF1000F08D011E05020FE
:1088E00080F31188BFF34F8FBFF36F8FFEE7206CCB
:1088F00038B1502080F31188BFF34F8FBFF36F8FD3
:10890000FEE700F019FADFF8F4804FF000094FF0AD
:10891000805748B9059838B1502080F31188BFF3CB
:108920004F8FBFF36F8FFEE7FFF786FBA56BC5B1D7
:1089300051462046FFF7F6F86D1EA563206950B139
:1089400004F1100000F00CFB28B1C8F80070BFF370
:108950004F8FBFF36F8FFFF78FFB012006B0BDE88D
:10896000F087059808B11EB106E0FFF785FB27E008
:108970006846FFF729FC0126FFF77EFBFFF7D0FCD6
:10898000FFF75AFB94F94400401C01D184F844904D
:1089900094F94500401C01D184F84590FFF76CFB29
:1089A00005A9684600F036F9002820460AD0FFF7EE
:1089B0002DFA00F00FFB2046FFF7F6F90028B3D0A0
:1089C0000020CBE7FFF7F0F990B104F124000599FE
:1089D000FFF708FC2046FFF719FA00F0FBFA002821
:1089E000A2D1C8F80070BFF34F8FBFF36F8F9BE722
:1089F0002046FFF70BFA00F0EDFA95E704ED00E0F2
:108A00002DE9F04790468946040003D0B9F1000FE4
:108A100008D011E0502080F31188BFF34F8FBFF3CF
:108A20006F8FFEE7206C38B1502080F31188BFF3C0
:108A30004F8FBFF36F8FFEE7FFF776FB5020EFF30A
:108A4000118680F31188BFF34F8FBFF36F8FA76B31
:108A5000F7B194F9445049462046FFF763F87F1E6A
:108A6000A763681C04D06D1C84F84450012010E0FA
:108A700020690028FAD004F1100000F071FA0028F3
:108A8000F4D0B8F1000FF1D00121C8F80010EDE7E3
:108A9000002086F31188BDE8F08700002DE9F3433C
:108AA000002683B00400354609D0206C78B15020F0
:108AB00080F31188BFF34F8FBFF36F8FFEE7502015
:108AC00080F31188BFF34F8FBFF36F8FFEE700F085
:108AD00033F9DFF83C814FF000094FF0805748B977
:108AE000049838B1502080F31188BFF34F8FBFF343
:108AF0006F8FFEE7FFF7A0FAA06BC8B1401EA0631E
:108B0000206810B9FFF726FAA060206950B104F17F
:108B1000100000F025FA28B1C8F80070BFF34F8F9D
:108B2000BFF36F8FFFF7A8FA012005B0BDE8F0830F
:108B3000049808B166B10FE03DB1502080F3118870
:108B4000BFF34F8FBFF36F8FFEE7FFF795FA5DE03E
:108B50006846FFF739FB0126FFF78EFAFFF7E0FBC7
:108B6000FFF76AFA94F94400401C01D184F844905C
:108B700094F94500401C01D184F84590FFF77CFA38
:108B800004A9684600F046F80028204612D0FFF7F6
:108B90003DF900F01FFA2046FFF706F90028A9D09A
:108BA0009DB3FFF749FA606A50B3206B0068C0F1CB
:108BB000070126E0FFF7F8F8E0B1206838B9FFF7C1
:108BC0003BFAA06800F086F90546FFF755FA04F174
:108BD00024000499FFF706FB2046FFF717F900F081
:108BE000F9F9002886D1C8F80070BFF34F8FBFF3A2
:108BF0006F8F7FE72046FFF709F900F0EBF979E77F
:108C00000021A068FFF706FB9FE7FFE700208CE745
:108C100004ED00E02DE9F0410C46050011D0C4B18F
:108C2000FFF70AFA174BDA686E682068911B471C39
:108C300017D02F681B6A9F4219D0964217D801247B
:108C400010E0502080F31188BFF34F8FBFF36F8F78
:108C5000FEE7502080F31188BFF34F8FBFF36F8F73
:108C6000FEE70024FFF708FA2046BDE8F0818842BD
:108C700005D9401A20602846FFF7A6FAF1E7002040
:108C80002060DCE74C0000202DE9FF5F8346DDE932
:108C90000E87994616468A469000FFF7EDF80500C4
:108CA0001CD05420FFF7E8F8040014D000202563FE
:108CB00084F85100CDE90240CDE900874B463246A9
:108CC00051465846FEF7FEFF2046FEF7C3FE012040
:108CD00004B0BDE8F09F2846FFF7E2F94FF0FF30FF
:108CE000F6E7F0B585B0DDE90B640A9DA6B1DCB10D
:108CF000542700972663022684F85160002604AFAB
:108D0000CDE90246CDE90057FEF7DCFF2046FEF72D
:108D1000A1FE049805B0F0BD502080F31188BFF388
:108D20004F8FBFF36F8FFEE7502080F31188BFF3A2
:108D30004F8FBFF36F8FFEE70548416919B1006B94
:108D400018B10020704701207047022070470000D2
:108D50004C0000200148C068704700004C00002013
:108D600010B5FFF7E1F90148C06810BD4C000020C4
:108D70002DE9F0412F4C0026206B28B1A069401C42
:108D8000A0613046BDE8F081E5686D1CE56013D157
:108D9000606B006838B1502080F31188BFF34F8FAB
:108DA000BFF36F8FFEE7606BA16B6163A063206A06
:108DB000401C2062FFF706F8A06ADFF87C8085423D
:108DC00009D3606B0068A0B1606BC068C768786841
:108DD000854211D2A0622068C06A00EB800158F879
:108DE0002100012800D90126E0690028C9D0012608
:108DF000C7E74FF0FF30EDE7381DFFF7CDF8B86A51
:108E000018B107F11800FFF7C7F8F96A01202269C5
:108E100088401043206101EB810108EB8100391D7E
:108E2000FFF7FEF8F86A2168C96A8842C9D30126AB
:108E3000C7E700004C0000207405002070B5040056
:108E40004FF0000140D0214D2868844207D05020C7
:108E500080F31188BFF34F8FBFF36F8FFEE7A06CD5
:108E600038B1401EA064636CE26A9A422CD040B1D3
:108E70002AE0502080F31188BFF34F8FBFF36F8F2C
:108E8000FEE7201DFFF788F8114A012150B9E06A7A
:108E900000EB800352F8233023B92B6901FA00F06C
:108EA00083432B61606CE062C0F10700A061E06A5F
:108EB0002B6981401943296100EB800002EB80009F
:108EC000211DFFF7ADF80121084670BD4C000020C0
:108ED0007405002070B504004FF0000034D01E4D22
:108EE000E16A2A68D26A91422FD2A069002804DB85
:108EF0002868C06AC0F10700A061184E01EB81012B
:108F0000606906EB810188421AD1201DFFF744F801
:108F1000012130B994F82C002A6901FA00F082434B
:108F20002A612868C06AE0622A6981401143296188
:108F300000EB800006EB8000211DFFF771F802E0D6
:108F40002868C06AE062012070BD616C2A68D26A3C
:108F50009142F8D370BD00004C0000207405002041
:108F60002DE9F041C068C468ACB104F118000746AF
:108F7000FFF712F8154D286B0126A0B139461448A9
:108F8000FFF74EF8E06A2968C96A88421CD90120B7
:108F9000EE61BDE8F081502080F31188BFF34F8F60
:108FA000BFF36F8FFEE7201DFEF7F6FFE16A2A6927
:108FB00006FA01F01043286101EB81000449B4393D
:108FC00001EB8000211DDBE70020E2E74C000020E0
:108FD000280600202DE9F0472C4D00242746286B59
:108FE00038B1FFF729F8286B401E2863286B40B181
:108FF00046E0502080F31188BFF34F8FBFF36F8F8F
:10900000FEE7A968224E0120D1B3A6F1B40980463B
:109010003068E8B1F068C46804F11800FEF7BCFFDE
:10902000201DFEF7B9FFE06A2A6908FA00F1114332
:10903000296100EB800109EB8100211DFEF7F0FFA3
:10904000E06A2968C96A8842E2D3C5F81C80DFE774
:109050000CB1FEF7B7FEAC6944B14646FFF788FE97
:1090600000B1EE61641EF9D10020A861E86938B151
:109070000849012738070860BFF34F8FBFF36F8F90
:10908000FEF7FAFF3846BDE8F08700004C000020EC
:109090002806002004ED00E00000000000000000B1
:1090A00000000000000000003F4000000000000041
:1090B00000003000400030004000000009000BC0FC
:1090C0003D000BC03D00090018C024407FE0224055
:1090D00031800000180024C01B000D803240018048
:1090E00003801C4027401C800740004010006000A7
:1090F00000000000000000000000000000001F80D1
:10910000204040200000402020401F800000000040
:10911000090006001F80060009000000040004008A
:109120003F80040004000000001000600000000008
:10913000000000000400040004000400040000001B
:10914000000000400000000000000000002001C0FE
:1091500006003800400000001F80204020402040D2
:109160001F800000000010403FC0004000000000D1
:1091700018C02140224024401840000010802040A8
:10918000244024401B80000002000D0011003FC05D
:10919000014000003C802440244024402380000003
:1091A0001F80244024403440038000003000200011
:1091B00027C03800200000001B80244024402440A9
:1091C0001B8000001C0022C0224022401F800000A3
:1091D0000000000008400000000000000000000047
:1091E0000460000000000000000004000A001100FC
:1091F0002080404009000900090009000900000022
:1092000000004040208011000A00040018002000E7
:1092100023402400180000001F80204027402940E0
:109220001F400000004007C039000F0001C000408F
:1092300020403FC0244024401B8000001F8020406D
:10924000204020403080000020403FC0204020408F
:109250001F80000020403FC024402E4030C000004E
:1092600020403FC024402E00300000000F0010803E
:10927000204022403380020020403FC00400040010
:109280003FC02040204020403FC020402040000000
:109290000060202020203FC02000200020403FC050
:1092A00024400B0030C0204020403FC02040004000
:1092B000004000C03FC03C0003C03C003FC0000075
:1092C00020403FC00C4023003FC020001F802040B2
:1092D000204020401F80000020403FC02440240048
:1092E000180000001F802140214020E01FA0000046
:1092F00020403FC02440260019C0004018C0244030
:109300002440224031800000300020403FC02040F7
:109310003000000020003F80004000403F802000DF
:1093200020003E0001C0070038002000380007C0C0
:109330003C0007C038000000204039C0060039C09A
:10934000204000002000384007C0384020000000C6
:10935000304021C02640384020C0000000000000FE
:109360007FE0402040200000000070000C000380DF
:10937000004000000000402040207FE0000000008E
:10938000000020004000200000000000001000103D
:10939000001000100010001000000000400000004D
:1093A00000000000000002800540054003C00040AE
:1093B00020003FC004400440038000000000038000
:1093C00004400440064000000000038004402440A4
:1093D0003FC00040000003800540054003400000FE
:1093E000000004401FC0244024402000000002E090
:1093F000055005500650042020403FC004400400A2
:1094000003C000400000044027C0004000000000EE
:1094100000100010041027E00000000020403FC0B2
:109420000140070004C00440204020403FC00040ED
:109430000040000007C0040007C0040003C0000093
:10944000044007C00440040003C000400000038043
:109450000440044003800000041007F0045004405E
:1094600003800000000003800440045007F0001057
:10947000044007C002400400040000000000064051
:109480000540054004C00000000004001F800440A7
:1094900000400000040007800040044007C0004076
:1094A0000400070004C0018006000400060001C09B
:1094B000070001C006000000044006C0010006C00D
:1094C000044000000410071004E0018006000400BE
:1094D0000000044005C006400440000000000000F9
:1094E00004007BE040200000000000000000FFF0CE
:1094F00000000000000040207BE0040000000000AD
:1095000040008000400020002000400000000000DB
:10951000000000000000000000000000000000004B
:1095200000001FCC000C000000000000000008003C
:10953000300060000800300060000000022003FCE2
:109540001E20022003FC1E200220000000000E1836
:1095500011043FFF10840C78000000000F001084FD
:109560000F3800C0077818840078000000780F8456
:1095700010C411240E9800E400840008080068005C
:10958000700000000000000000000000000000006B
:10959000000007E01818200440020000000040020C
:1095A0002004181807E000000000000002400240FC
:1095B00001800FF001800240024000000080008026
:1095C00000800FF800800080008000000001000D86
:1095D000000E0000000000000000000000000080FD
:1095E0000080008000800080008000800000000C6F
:1095F000000C000000000000000000000000000659
:10960000001800600180060018002000000007F02C
:10961000080810041004080807F0000000000804FF
:1096200008041FFC000400040000000000000E0CF1
:1096300010141024104411840E0C000000000C18AB
:1096400010041104110412880C700000000000E0E6
:109650000320042408241FFC0024000000001F989D
:10966000108411041104108810700000000007F02D
:1096700008881104110418880070000000001C0004
:10968000100010FC13001C001000000000000E3839
:1096900011441084108411440E38000000000700AB
:1096A000088C10441044088807F0000000000000F7
:1096B0000000030C030C000000000000000000008C
:1096C0000001010600000000000000000000008012
:1096D00001400220041008081004000002200220AB
:1096E00002200220022002200220000000001004BC
:1096F00008080410022001400080000000000E0055
:109700001200100C106C10800F00000003E00C1809
:1097100013E4142417C4082807D000000004003CF8
:1097200003C41C40074000E4001C000410041FFC9C
:109730001104110411040E880070000003E00C18DD
:1097400010041004100410081C10000010041FFC6A
:10975000100410041004080807F0000010041FFC97
:109760001104110417C410040818000010041FFC91
:109770001104110017C010000800000003E00C18CD
:109780001004100410441C780040000010041FFC5A
:1097900010840080008010841FFC1004000010045E
:1097A00010041FFC1004100400000000000300015E
:1097B000100110011FFE10001000000010041FFC1B
:1097C000110403801464181C1004000010041FFC12
:1097D0001004000400040004000C000010041FFC2E
:1097E0001F0000FC1F001FFC1004000010041FFCE1
:1097F0000C04030000E010181FFC100007F008081C
:10980000100410041004080807F0000010041FFCE6
:1098100010841080108010800F00000007F00818DE
:1098200010241024101C080A07F2000010041FFC6A
:109830001104110011C011300E0C000400000E1CA8
:1098400011041084108410441C380000180010000B
:1098500010041FFC100410001800000010001FF876
:1098600010040004000410041FF8100010001E0073
:1098700011E0001C007013801C0010001FC0103C81
:1098800000E01F0000E0103C1FC000001004180C96
:10989000163401C001C01634180C100410001C004E
:1098A000130400FC13041C00100000000804101C2A
:1098B0001064108413041C04101800000000000041
:1098C00000007FFE40024002400200000000300025
:1098D0000C0003800060001C000300000000400238
:1098E000400240027FFE0000000000000000000077
:1098F0002000400040004000200000000001000166
:109900000001000100010001000100010000400011
:10991000400020000000000000000000000000984F
:10992000012401440144014400FC000410001FFC18
:10993000008801040104008800700000000000702D
:109940000088010401040104008800000000007088
:1099500000880104010411081FFC0004000000F845
:10996000014401440144014400C800000000010416
:1099700001040FFC1104110411001800000000D6AE
:1099800001290129012901C90106000010041FFC59
:10999000008401000100010400FC00040000010437
:1099A000190419FC0004000400000000000000037A
:1099B00000010101190119FE0000000010041FFC44
:1099C0000024004001B4010C010400000000100458
:1099D00010041FFC0004000400000000010401FC4E
:1099E0000104010001FC0104010000FC010401FC70
:1099F000008401000100010400FC0004000000F8E4
:109A0000010401040104010400F80000010101FF48
:109A1000008501040104008800700000000000704F
:109A2000008801040104010501FF00010104010493
:109A300001FC00840104010001800000000000CC52
:109A400001240124012401240198000000000100E8
:109A5000010007F80104010400000000010001F802
:109A6000000400040004010801FC0004010001805E
:109A70000170000C001001600180010001F0010C78
:109A8000003001C00030010C01F0010000000104B1
:109A9000018C00740170018C01040000010101813E
:109AA0000171000E001801600180010000000184B6
:109AB000010C013401440184010C0000000000008D
:109AC0000000000001003EFC4002400200000000D7
:109AD00000000000FFFF0000000000000000400246
:109AE00040023EFC01000000000000000000600099
:109AF00080008000400040002000200000000000A6
:109B00000000000000000000000000000000000055
:109B10000000000000000000000000000000000045
:109B20000000000000000000000000000000000F26
:109B300080380FFE380F8038000000000000000061
:109B4000000000000000000000000100000600000E
:109B50000C00003800003100000600000C00003846
:109B6000000030000000000000000000618000677D
:109B7000F807F980006180006180006180006180E9
:109B80000067F807F9800061800000000000000015
:109B9000000001C0E003E0F00630080418081FFFD1
:109BA000FE040E080787F00381E0000000000000BB
:109BB00001F000060C00040408060C7001F9C00056
:109BC0000E00003BE000EC18070808040C18000326
:109BD000E00000000001E00007F003F818041C0892
:109BE00004170807E1D003C0E00023B0003C0800E0
:109BF00020080000100000000000000100003100FB
:109C0000003200001C000000000000000000000006
:109C10000000000000000000000000000000000044
:109C20000000000000000000000000007F0001FFB5
:109C3000C00780F00C001810000420000200000093
:109C40000000002000021000040C00180780F00142
:109C5000FFC0007F000000000000000000000000C6
:109C600000000000000000004200006600006600E6
:109C7000003C0000180003FFC0001800003C00007A
:109C800066000066000042000000000008000008B6
:109C90000000080000080000080001FFC0000800E4
:109CA0000008000008000008000008000000000094
:109CB000000100003100003200001C000000000024
:109CC0000000000000000000000000000000000094
:109CD0000000000008000008000008000008000064
:109CE0000800000800000800000800000800000844
:109CF00000000000000000000000000038000038F4
:109D0000000038000000000000000000000000001B
:109D1000000000000000000000000000000600003D
:109D20001C000070000180000E0000380000C00020
:109D30000700001C000030000000000000000000D0
:109D40007F8001FFE0038070060018040008040013
:109D50000806001803807001FFE0007F800000000B
:109D600000000000000001000801000801000803D5
:109D7000FFF807FFF80000080000080000080000D6
:109D80000000000000000001C03802C05804009824
:109D9000040118040218040418061C1803F818011A
:109DA000E0F800000000000000000001C0E003C077
:109DB000F004000804080804080806180803F4184A
:109DC00001E7F00001E000000000000000000000DA
:109DD0000300000D00001100006100008108030174
:109DE0000807FFF80FFFF800010800010800000055
:109DF0000000000000E007FCD00608080610080676
:109E00001008061008061838060FF00607C00000F4
:109E100000000000000000003F8001FFE0038430EC
:109E2000020818041008041008041008071810038A
:109E30000FF00007C000000000000000000003C099
:109E4000000700000600000600F80607F8061800E4
:109E500006E000070000060000000000000000010E
:109E6000E1E003F7F0063410041808041808040CA5
:109E700008040C0806161803F3F001C1E000000006
:109E800000000000F80003FC300306380402080458
:109E900002080402080404100308F001FFC0007F58
:109EA00000000000000000000000000000000000B2
:109EB00000000000703800703800703800000000AA
:109EC0000000000000000000000000000000000092
:109ED0000000000000000000301A00301C000000EC
:109EE0000000000000000000000000000000000072
:109EF0000000000800001400002200004100008063
:109F0000800100400200200400100800080000004A
:109F100000000000210000210000210000210000BD
:109F2000210000210000210000210000210000216B
:109F300000000000000000000000080008040010FD
:109F4000020020010040008080004100002200004B
:109F5000140000080000000000000003C00004C05E
:109F600000040000080038080F38080838081000FE
:109F70000C300007E00003C00000000000000000FB
:109F80003F8000FFE0038070020F1006708804C05D
:109F900088048308047F8802C09003012000FE40EB
:109FA0000000080000180001F8003E0801C2000788
:109FB000020007E20000FE00001FC80001F80000D8
:109FC0003800000804000807FFF807FFF804080835
:109FD00004080804080804080806180803F418010F
:109FE000E7F00001E0000000000000003F8001FFFA
:109FF000E003807002001804000804000804000850
:10A000000400100600200780C000000004000807BC
:10A01000FFF807FFF8040008040008040008040023
:10A020001802001003807001FFE0007F8000000034
:10A0300004000807FFF807FFF804080804080804EC
:10A040000808040808043E08040008060018010077
:10A050006000000004000807FFF807FFF804080884
:10A06000040800040800040800043E00060000067E
:10A070000000018000000000000000003F8001FFA0
:10A08000E0038070060018040008040208040208B7
:10A090000203F00783F0000200000200040008073A
:10A0A000FFF807FFF804080800080000080000088F
:10A0B0000000080004080807FFF807FFF80400087C
:10A0C0000000000000000400080400080400080765
:10A0D000FFF807FFF8040008040008040008000067
:10A0E0000000000000000000000600000700000162
:10A0F00004000104000104000307FFFE07FFFC0445
:10A10000000004000004000004000807FFF807FF37
:10A11000F8040C08001800003E0004C7800503C8BE
:10A120000600F804003804001800000804000807BE
:10A13000FFF807FFF804000800000800000800000E
:10A14000080000080000080000180000600000007F
:10A1500004000807FFF807800807FC00007FC00024
:10A1600003F80007C000780007800807FFF807FF22
:10A17000F804000804000807FFF807000803C000FF
:10A1800000E000003800001E000007000001C004CD
:10A1900000F007FFF8040000000000007F8001FFCE
:10A1A000E003807006001804000804000806001888
:10A1B00003003001FFE0007F80000000040008077A
:10A1C000FFF807FFF8040408040400040400040472
:10A1D00000040400060C0003F80001F00000000079
:10A1E000000000007F8001FFE0038070060088040B
:10A1F00000880400C806003C03003E01FFE6007F23
:10A200008400000004000807FFF807FFF8040808AE
:10A21000040800040C00040F00040BC00610F00337
:10A22000F03801E00800000800000001E0F803F049
:10A2300030063010041808041808040C08040C0830
:10A240000206180207F00781E00000000180000606
:10A25000000004000004000004000807FFF807FFE6
:10A26000F80400080400000400000600000180005B
:10A2700004000007FFE007FFF004001800000800DA
:10A28000000800000800000800000804001007FF94
:10A29000E004000004000006000007E00007FE00E4
:10A2A000041FE00001F80000380001E0043E000750
:10A2B000C00006000004000004000007E00007FFE3
:10A2C000C0041FF80007C007F80007FF80043FF82C
:10A2D0000007C004F80007000004000000000004AC
:10A2E000000806001807C07805F1C8003E00001FEE
:10A2F000800463E80780F8060018040008000000E6
:10A3000004000006000007800007E008047C080045
:10A310001FF80007F800180804E00807000006000E
:10A32000000400000000000100080600380400F8E6
:10A330000403E8040F08047C0805F00807C00807B8
:10A340000018040060000000000000000000000091
:10A35000000000000000003FFFFE2000022000027D
:10A360002000022000022000020000000000000087
:10A37000000008000007000000C0000038000006D0
:10A38000000001C000003000000E000001000000CD
:10A390000000000000002000022000022000022037
:10A3A00000022000023FFFFE00000000000000004D
:10A3B0000000000000000000000000000008000095
:10A3C00010000030000020000030000010000008E5
:10A3D000000000000000000000000100000100007B
:10A3E0000100000100000100000100000100000167
:10A3F0000000010000010000010000010000000059
:10A4000000000000002000002000001000001000EC
:10A41000000000000000000000000000000000003C
:10A420000000000000F00019F8001B1800220800CE
:10A430002608002408002410003FF8001FF8000040
:10A440000800001800000004000007FFF80FFFF0EC
:10A45000001818001008002008002008003018001C
:10A460001FF0000FC00000000000000007C0001F28
:10A47000F0001830002008002008002008003C08E8
:10A48000001C100000600000000000000000000040
:10A4900007C0001FF0003818002008002008002026
:10A4A0000804101007FFF80FFFF000001000000074
:10A4B0000000000000000007C0001FF00012300084
:10A4C0002218002208002208003208001E10000E88
:10A4D00020000000000000002000002008002008EC
:10A4E00001FFF803FFF806200804200804200807ED
:10A4F000200003000000000000000000000E000E1D
:10A500006E001FF30031B10020B10020B100319185
:10A51000001F13002E1E00200E003000000000045B
:10A52000000807FFF80FFFF80010080020000020C7
:10A5300000002008003FF8001FF80000080000009D
:10A54000000000000000002008002008002008068D
:10A550003FF8063FF800000800000800000800006F
:10A5600000000000000000000000000003000003E5
:10A57000002001002001002003063FFE063FFC00F2
:10A58000000000000000000000000004000807FFB9
:10A59000F80FFFF8000188000300002FC00038F812
:10A5A0000020380020080000080000000000000023
:10A5B000000004000804000804000807FFF80FFF6B
:10A5C000F80000080000080000080000000000007B
:10A5D000002008003FF8003FF800100800200000AD
:10A5E0003FF8003FF8001008002000003FF8003F4F
:10A5F000F8000008000000002008003FF8003FF8C5
:10A60000001008001000002000002008003FF800A3
:10A610001FF80000080000000000000007C0000F45
:10A62000F000183000300800200800200800300832
:10A63000001830000FF00007C0000000000000000C
:10A640002001003FFF003FFF001011002009002003
:10A6500008002008003038001FF0000FC000000084
:10A660000000000007C0001FF0003818002008009C
:10A670002008002009001011001FFF003FFF00000C
:10A6800001000000002008002008002008003FF81A
:10A69000003FF80008080010080020080020000013
:10A6A0003000003000000000000000000000000C3E
:10A6B00078001E18003308002308002108002188B4
:10A6C0000021980030F00038600000000000000019
:10A6D000200000200000200000FFF003FFF8002011
:10A6E00008002008002008000030000000000000E2
:10A6F000000000002000003FF0007FF8000018007C
:10A700000008000008002010003FF8007FF0000063
:10A7100010000000000000002000003000003C009D
:10A72000003F800023F000007800007000238000CC
:10A730003C00003000002000002000003C00003FF2
:10A74000E00023F80000E0002700003E00003FE0AA
:10A750000021F80001E0003E0000200000000000A1
:10A760002008002008003838003E680027800003D9
:10A77000C8002CF80038380020180020080000001D
:10A78000000000002000003003003C01003F830077
:10A7900023EC000070002380003C0000200000201B
:10A7A0000000000000000000000000380800203811
:10A7B0000020F80023E8002F88003E080038080039
:10A7C00020180000700000000000000000000000E1
:10A7D000000000000000000008000014001FF7FC4B
:10A7E0003000062000020000000000000000000011
:10A7F0000000000000000000000000000000FFFF5B
:10A80000FF00000000000000000000000000000049
:10A810000000000000002000023000061FF7FC00CE
:10A82000140000080000000000000000000000000C
:10A830000000000000000018000060000040000060
:10A840004000002000001000000800000400000488
:10A8500000000C00001000000000000000000000DC
:10A8600000000000000000000000000000000000E8
:10A8700000000000000000000000000000000000D8
:10A8800000000000000000000000000000000000C8
:10A8900000000000000000000000000000000000B8
:10A8A00000000000000000000000000000000000A8
:10A8B00007F000C007FFE1E007F001E0000000C082
:10A8C0000000000000000000000000000000000088
:10A8D0000000000000000000000000000000000078
:10A8E0000020000001C00000078000001F000000E1
:10A8F0001E0000001C20000001C0000007800000B6
:10A900001F0000001E0000001C00000000000000EE
:10A9100000000000000000000000000000180C0013
:10A9200000180C0000180FE0001FFC0003F80C00DA
:10A9300000180C0000180C0000180C0000180C0087
:10A9400000180FE0001FFC0003F80C0000180C00BA
:10A9500000180C00000000000000000000000000D3
:10A9600000000780007807C000FC0640010E0020B0
:10A9700003070020020380200FFFFFFC0201C0201C
:10A980000200E0600130704001F03F8000F01F00E5
:10A99000000000000000000000FE000001FF0000B9
:10A9A0000301800002008060030181C001FF0700F5
:10A9B00000FE18000000E0000003BF00000CFFC014
:10A9C0000071806001C10020030180600000FFC0B1
:10A9D00000003F000000000000001F0000007FC0DA
:10A9E00000FCC0C001FF80600303E0200202782069
:10A9F00002061E2003FC074001F00380000103C093
:10AA000000011C600001E020000100200001004066
:10AA10000000018000000000000000000020000095
:10AA20001C6000001C4000001F8000000F000000A0
:10AA30000000000000000000000000000000000016
:10AA40000000000000000000000000000000000006
:10AA500000000000000000000000000000000000F6
:10AA600000000000000000000000000000000000E6
:10AA7000000000000007F800003FFF00007807C05A
:10AA800001C000E0030000300400000808000004DA
:10AA90001000000200000000000000001000000292
:10AAA00008000004040000080300003001C000E0BA
:10AAB000007807C0003FFF000007F800000000001A
:10AAC0000000000000000000000000000000000086
:10AAD0000000000000000000000000000000000076
:10AAE000000C1800000E3800000E38000006300080
:10AAF000000360000061438000FFFF8000614300AD
:10AB00000003600000063000000E3800000E380020
:10AB1000000C180000000000000000000000000011
:10AB20000000800000008000000080000000800025
:10AB30000000800000008000007FFF000000800017
:10AB40000000800000008000000080000000800005
:10AB50000000800000000000000000000000000174
:10AB6000000000E3000000E2000000FC00000078AC
:10AB700000000000000000000000000000000000D5
:10AB800000000000000000000000000000000000C5
:10AB90000000000000000000000000000000800035
:10ABA00000008000000080000000800000008000A5
:10ABB0000000800000008000000080000000800095
:10ABC0000000800000008000000080000000800085
:10ABD00000008000000000000000000000000000F5
:10ABE000000000C0000001E0000001E0000000C023
:10ABF0000000000000000000000000000000000055
:10AC00000000000000000000000000000000000044
:10AC10000000000000000000000000000000000C28
:10AC200000000038000000E00000038000000E007B
:10AC3000000038000000E00000038000000E00006B
:10AC40000038000000E00000038000000E0000005B
:10AC500018000000000000000000000000000000DC
:10AC6000000FF800007FFF0000F00780018000C0A7
:10AC7000030000600200002002000020020000200B
:10AC800003000060018000C000E00380007FFF003F
:10AC9000000FF800000000000000000000000000AD
:10ACA00000000000008000200080002000800020C4
:10ACB0000080006001FFFFE003FFFFE00000006094
:10ACC0000000002000000020000000200000000024
:10ACD0000000000000000000000000000000000074
:10ACE000007800E00098016001000260020004604A
:10ACF0000200086002001060020020600200406054
:10AD0000030080600183006001FE00E0007C07809A
:10AD10000000000000000000000000000000000033
:10AD200000F0078001F007C0010000400200002091
:10AD30000201002002010020020100200303802004
:10AD40000186804001FCC0C000787F8000001E00AA
:10AD500000000000000000000000000000000800EB
:10AD600000003800000048000001880000060800CC
:10AD7000000C0810003008100040081001FFFFF020
:10AD800003FFFFF003FFFFF00000081000000810B1
:10AD9000000008100000000000000000000000009B
:10ADA00000000780001F864003E10020030200200E
:10ADB00003040020030400200304002003040020F7
:10ADC00003060040030301C00301FF8003007E006F
:10ADD0000000000000000000000000000000000073
:10ADE0000007FC00003FFF000070C380008180C0AE
:10ADF0000101006003020020020200200202002084
:10AE0000020200200203004001C180C000C0FF8098
:10AE100000007E00000000000000000000000000B4
:10AE200000F0000003C000000380000003000000E9
:10AE3000030007E003003FE00301C0000306000039
:10AE400003180000036000000380000003000000FE
:10AE500000000000000000000000000000001F00D3
:10AE600000783F8000FC60C0018EC0400307802056
:10AE70000203002002018020020180200201C02084
:10AE80000301E040018670C000FC3F8000781F0095
:10AE9000000000000000000000000000003F000073
:10AEA00000FF81C001C0C1C001006020020020205D
:10AEB000020020200200202002002060020040C08A
:10AEC0000100C18000C18F00007FFE00001FF00064
:10AED0000000000000000000000000000000000072
:10AEE0000000000000000000000000000000000062
:10AEF000000300C0000781E0000781E0000300C0FC
:10AF00000000000000000000000000000000000041
:10AF10000000000000000000000000000000000031
:10AF20000000000000000000000000000000000021
:10AF30000006006600060078000000000000000027
:10AF40000000000000000000000000000000000001
:10AF500000000000000000000000000000000000F1
:10AF6000000080000001C000000360000006300007
:10AF7000000C180000180C000030060000600300F0
:10AF800000C0018001000040020000200400001009
:10AF9000000000000000000000000000000410009D
:10AFA0000004100000041000000410000004100051
:10AFB0000004100000041000000410000004100041
:10AFC0000004100000041000000410000004100031
:10AFD000000410000000000000000000000000005D
:10AFE00004000010020000200100004000C00180A9
:10AFF000006003000030060000180C00000C180070
:10B0000000063000000360000001C0000000800066
:10B010000000000000000000000000000000000030
:10B020000078000001F80000023800000200000073
:10B03000040000C0040079E0040081E0040100C0C5
:10B0400004030000020200000306000001FC0000EF
:10B0500000F800000000000000000000000FF800F1
:10B06000003FFE000070078000C000C00101F840F2
:10B070000307FC20021E042002300820022030209A
:10B08000023FFC20013F044001800CC000E0318001
:10B09000001FC2000000000000000020000000604F
:10B0A000000003E000003E200003E020003E2000FE
:10B0B00003E020000380200007FC2000003FE000A8
:10B0C0000003FE2000003FE0000001E0000000203F
:10B0D000000000200000000000000000020000202E
:10B0E0000200002003FFFFE003FFFFE00201002059
:10B0F00002010020020100200201002002010020C4
:10B10000030300200186806001FCC0C000F87F803E
:10B1100000001F0000000000000000000007F80011
:10B12000003FFF000070078000C000C00100004029
:10B130000300002002000020020000200200002086
:10B140000200002001000040018000C003C0018017
:10B150000030060000000000000000000200002097
:10B160000200002003FFFFE003FFFFE002000020D9
:10B170000200002002000020020000200300006006
:10B1800001000040018000C000F00780007FFE0049
:10B19000000FF80000000000000000000200002086
:10B1A0000200002003FFFFE003FFFFE00201002098
:10B1B0000201002002010020020100200201002003
:10B1C00002038020020FE0200300006003C000E0C3
:10B1D00000600300000000000000000002000020EA
:10B1E0000200002003FFFFE003FFFFE00201002058
:10B1F0000201002002010000020100000201000023
:10B200000201000002038000030FE00003000000C1
:10B2100003C0000000600000000000000007F8000C
:10B22000003FFE000070078001C001C00100004027
:10B230000300002002000020020000200200002085
:10B24000010020200100204003C03F8000303F80EB
:10B25000000020000000200002000020020000206A
:10B2600003FFFFE003FFFFE00200802002008020D8
:10B2700000008000000080000000800002008020AC
:10B280000200802003FFFFE003FFFFE00200002038
:10B29000020000200000000000000000000000008C
:10B2A0000000000002000020020000200200002038
:10B2B0000200002003FFFFE003FFFFE00200002088
:10B2C0000200002002000020020000200000000018
:10B2D0000000000000000000000000000000000E60
:10B2E0000000000F0000000F00000001020000013C
:10B2F00002000001020000030200000603FFFFFC41
:10B3000003FFFFF80200000002000000020000003E
:10B310000200000000000000000000000200002009
:10B320000200002003FFFFE003FFFFE00200C02057
:10B330000201002000078000000FE0000030F8004C
:10B3400002603E2003800F20030003E0020000E0C3
:10B350000200002000000020000000000200002089
:10B360000200002003FFFFE003FFFFE002000020D7
:10B37000020000200000002000000020000000204B
:10B38000000000200000002000000060000000E03D
:10B390000000030000000000020000200200002066
:10B3A00003FFFFE003E0002003FF0020001FF00088
:10B3B0000001FF8000000FE000001E000003E0001D
:10B3C000003E002003E0002003FFFFE003FFFFE05A
:10B3D00002000020020000200200002002000020E5
:10B3E00003FFFFE00380002003F0002000FC0000CA
:10B3F000001F00000007C0000001F00000007C00FA
:10B4000002001F80020007E003FFFFE002000000CF
:10B41000020000000000000000000000000FF80023
:10B42000003FFE0000F00780018000C001000040E6
:10B430000200002002000020020000200200002084
:10B4400001000040018000C000F00380003FFE00CA
:10B45000000FF800000000000000000002000020C3
:10B460000200002003FFFFE003FFFFE00200802056
:10B4700002008020020080000200800002008000A4
:10B4800002008000030180000183000000FE000034
:10B49000007C00000000000000000000000FF80029
:10B4A000007FFF0000F00380018001C00100064022
:10B4B000020004200200042002000620020003E033
:10B4C000010000F80180005C00E0038C003FFF0CED
:10B4D000000FFC1800000000000000000200002027
:10B4E0000200002003FFFFE003FFFFE00201002055
:10B4F00002010020020180000201E0000201FC00C4
:10B5000003033F80018607E001FC00E000F8002013
:10B51000000000200000000000000000000000000B
:10B520000078060000FE01E0018600C00303004031
:10B530000203002002018020020180200201C020BD
:10B540000200C0200100E060018070C003E03F8085
:10B5500000001F000000000000000000006000006C
:10B560000380000003000000020000000200002031
:10B570000200002003FFFFE003FFFFE002000020C5
:10B580000200002002000000020000000380000012
:10B5900000E00000000000000200000002000000C7
:10B5A00003FFFF0003FFFFC0020000400200006035
:10B5B000000000200000002000000020000000200B
:10B5C000020000400200008003FFFF0002000000B4
:10B5D0000200000000000000000000000200000067
:10B5E0000200000003C0000003FC0000023FC00096
:10B5F0000003F80000007F80000007E000000780E3
:10B60000000078000203C000023C000003C00000FC
:10B6100002000000020000000200000003C0000061
:10B6200003FF8000023FFE0002007FE000000F00E9
:10B630000200F00003EF000003FF8000020FFE0095
:10B6400000003FE000001F000207E00003F80000D8
:10B6500003000000020000000000000002000020C3
:10B6600002000020038000E003F0032002FC0C2015
:10B67000021F30000007C0000007F00002187C0025
:10B6800002601F20038003E0020000E002000020AF
:10B690000000002000000000000000000200000088
:10B6A0000300000003C0000003F80000023E002079
:10B6B000020FC0200001FFE000007FE000038020B7
:10B6C000021C002002700000038000000200000045
:10B6D0000200000000000000000000000000002048
:10B6E000006000E0038003E003000FA002003E20A2
:10B6F0000200F8200203E020020F8020023E00201A
:10B700000278002003E00060038000E002000300F4
:10B710000000000000000000000000000000000029
:10B720000000000000000000000000000000000019
:10B730001FFFFFFC100000041000000410000004B4
:10B7400010000004100000041000000410000004A9
:10B7500000000000000000000000000000000000E9
:10B76000000000000700000003C000000078000097
:10B77000001E00000003C0000000F00000001E00DA
:10B7800000000780000000F00000003C0000000600
:10B7900000000000000000000000000000000000A9
:10B7A0001000000410000004100000041000000449
:10B7B0001000000410000004100000041FFFFFFC34
:10B7C0000000000000000000000000000000000079
:10B7D0000000000000000000000000000000000069
:10B7E0000000000000000000020000000400000053
:10B7F0000800000018000000100000001800000001
:10B80000180000000400000002000000000000001A
:10B810000000000000000000000000010000000126
:10B820000000000100000001000000010000000114
:10B830000000000100000001000000010000000104
:10B8400000000001000000010000000100000001F4
:10B8500000000001000000010000000000000000E6
:10B8600000000000100000001000000010000000A8
:10B8700018000000080000000400000000000000A4
:10B8800000000000000000000000000000000000B8
:10B890000000000000000000000000000000038025
:10B8A00000018FC000038C600006182000041020E7
:10B8B0000004102000042020000420400006204046
:10B8C0000003FFC00001FFE0000000200000002096
:10B8D000000000C0000000000000000002000000A6
:10B8E0000200000003FFFFE007FFFFC0000180C06F
:10B8F000000200600002002000040020000400207C
:10B900000004002000060040000300C00001FF808A
:10B910000000FE0000000000000000000000000029
:10B9200000007E000001FF80000381C00002004093
:10B930000006002000040020000400200004002075
:10B94000000600200003C0400001C080000003008A
:10B9500000000000000000000000000000000000E7
:10B9600000007E000001FF80000380C00006006030
:10B970000004002000040020000400200204004015
:10B980000202008003FFFFE007FFFFC0000000404D
:10B990000000004000000000000000000000000067
:10B9A00000007E000001FF80000311C00002104073
:10B9B0000004106000041020000410200004102077
:10B9C00000061020000310400001F0C000007100CC
:10B9D0000000000000000000000000000000000067
:10B9E00000040000000400200004002000040020E7
:10B9F000007FFFE001FFFFE00104002003040020BE
:10BA000002040020020400200204000002000000E2
:10BA100001C0000001C000000000000000000000A4
:10BA20000000001C0000E33E0003FFC200020CC344
:10BA3000000404C1000404C1000404C1000404C1E2
:10BA400000060CC10003F8C30005F0620006007E8A
:10BA50000006003C00000000000000000200002082
:10BA60000200002003FFFFE007FFFFE000010020CD
:10BA70000002002000060000000400000004000096
:10BA800000040020000600200003FFE00001FFE0AA
:10BA90000000002000000020000000000000000066
:10BAA000000000000004002000040020000400202A
:10BAB000000400200387FFE0038FFFE003800020E5
:10BAC0000000002000000020000000200000000016
:10BAD0000000000000000000000000000000000066
:10BAE0000000000000000006000000070000000148
:10BAF0000000000100040001000400010004000334
:10BB0000000400060387FFFC038FFFF8038000009A
:10BB10000000000000000000000000000200002003
:10BB20000200002003FFFFE007FFFFE00000082005
:10BB300000001020000030000000FC0000058E0016
:10BB4000000707A0000601E0000400E00004002058
:10BB500000000020000000000000000000000000C5
:10BB6000000000000200002002000020020000206F
:10BB70000200002003FFFFE007FFFFE000000020BD
:10BB80000000002000000020000000200000000055
:10BB90000000000000000000000000000004002081
:10BBA0000007FFE0000FFFE000020020000400009B
:10BBB000000400200007FFE00003FFE00002002077
:10BBC00000040000000400200007FFE00003FFE085
:10BBD0000000002000000000000000000004002021
:10BBE000000400200007FFE0000FFFE0000100203C
:10BBF0000002002000020000000400000004000019
:10BC000000040020000600200003FFE00001FFE028
:10BC100000000020000000200000000000000000E4
:10BC200000007E000000FF80000381C00002004091
:10BC30000006002000040020000400200004002072
:10BC40000006002000020040000381C00001FF80C8
:10BC500000007E0000000000000000000004000161
:10BC6000000400010007FFFF000FFFFF000100C1FB
:10BC70000002004100040020000400200004002015
:10BC80000004002000060040000301C00001FF8006
:10BC900000007E0000000000000000000000000026
:10BCA00000007E000001FF80000380C000020060F1
:10BCB00000040020000400200004002000040020F4
:10BCC00000020041000300C10003FFFF0007FFFF67
:10BCD000000000010000000100000000000400203E
:10BCE000000400200004002000040020000FFFE0FA
:10BCF000000FFFE00000C020000100200002002033
:10BD000000060020000400000004000000070000FE
:10BD10000003000000000000000000000000000020
:10BD2000000003E00001C0E00003E0400006302016
:10BD300000043020000418200004182000041820FB
:10BD400000040C2000020C60000307C00007838081
:10BD500000000000000000000000000000000000E3
:10BD6000000400000004000000040000000C0000BB
:10BD7000001FFF8000FFFFC00004006000040020DF
:10BD800000040020000400200004004000000180A6
:10BD9000000000000000000000000000000400009F
:10BDA000000400000007FF80000FFFC000000060DB
:10BDB0000000002000000020000000200000002003
:10BDC00000040040000400800007FFE0000FFFC0F7
:10BDD00000000040000000400000000000040000DF
:10BDE00000040000000780000007F0000004FE00CF
:10BDF00000041FC0000003E00000038000001C00DE
:10BE0000000460000007800000060000000400003D
:10BE10000000000000000000000400000006000018
:10BE20000007C0000007FC0000043F80000003E0A2
:10BE300000040F800006F0000007F0000007FF80FC
:10BE400000040FE00000038000043C000007C00075
:10BE500000060000000400000000000000000020B8
:10BE60000004002000040060000700E000078320B9
:10BE70000007E6000004F80000003C0000045E201B
:10BE8000000587A0000601E0000400600004002017
:10BE9000000000200000000000000000000400007E
:10BEA00000040003000700030007E0010004F8019C
:10BEB00000041F02000007FC000000E00000070073
:10BEC000000438000007C000000600000004000065
:10BED000000400000000000000000000000000005E
:10BEE00000078060000600E0000403E0000407A0F3
:10BEF00000040E2000043C20000470200005E02017
:10BF00000007802000070060000400E000000380BC
:10BF10000000000000000000000000000000000021
:10BF20000000000000000000000000000000000011
:10BF300000000000000080000000800000014000C0
:10BF400007FE3FF808000004100000021000000285
:10BF500000000000000000000000000000000000E1
:10BF600000000000000000000000000000000000D1
:10BF70000000000000000000FFFFFFFF00000000C5
:10BF800000000000000000000000000000000000B1
:10BF900000000000000000000000000000000000A1
:10BFA00010000002100000020800000407FE3FF825
:10BFB0000001400000008000000080000000000040
:10BFC0000000000000000000000000000000000071
:10BFD0000000000000000000000000001800000049
:10BFE0003000000040000000400000004000000061
:10BFF00020000000300000000800000004000000E5
:10C000000200000002000000020000000C0000001E
:10C0100018000000000000000500000004000000FF
:10C020000000000000000000C4C00008A1360008A5
:10C0300002000000000000000002000000000000FC
:10C0400000000000D4C000084D33000800000000CC
:10C0500000000000000200000000000000000000DE
:10C06000B8C0000899360008000000000000000079
:10C07000000200000000000000000000D5310008B0
:10C08000E132000879320008E53200082932000860
:10C090000A00000002000000000000000000000094
:10C0A0000000000000000000010203040607080968
:10C0B00000000000010203045461736B5F525334AB
:10C0C000383500005461736B5F5265616453656E6F
:10C0D000736F72005461736B5F446973706C617944
:10C0E0000000000021212120414C41524D2054529A
:10C0F00049474745524544202121212054656D7010
:10C100003A252E3166432C2048756D693A252E312B
:10C110006625252845786365656465642025642067
:10C1200074696D657320636F6E74696E756F757376
:10C130006C79290D0A00000058C100080000002099
:10C14000BC000000E43B000814C20008BC00002052
:10C15000AC450000F43B0008FFFF000000000000B9
:10C1600000000000000018420000C442000000006F
:10C1700000000000000000000000000000000000BF
:10C1800000000000010000000000000000000000AE
:10C19000000000000100000010000000000000008E
:10C1A0000024F40000000000000000000000000077
:10C1B000000000000000000000000000000000007F
:10C1C000000000000000000000000000000000006F
:10C1D000000000000000000000000000000000005F
:10C1E000000000000000000000000000000000004F
:10C1F000000000000000000000000000000000003F
:10C2000000000000AAAAAAAA000000000000000086
:04C21000000000002A
:040000050800018965
:00000001FF
